[
  {
    "id": "bitcoin",
    "symbol": "btc",
    "name": "Bitcoin",
    "image": "https://assets.coingecko.com/coins/images/1/large/bitcoin.png?1547033579",
    "current_price": 25865,
    "market_cap": 503980903603,
    "market_cap_rank": 1,
    "fully_diluted_valuation": 543299459625,
    "total_volume": 8787011866,
    "high_24h": 26269,
    "low_24h": 25696,
    "price_change_24h": -403.83435949606064,
    "price_change_percentage_24h": -1.5373,
    "market_cap_change_24h": -7360943291.0407715,
    "market_cap_change_percentage_24h": -1.43953,
    "circulating_supply": 19480231,
    "total_supply": 21000000,
    "max_supply": 21000000,
    "ath": 69045,
    "ath_change_percentage": -62.52912,
    "ath_date": "2021-11-10T14:24:11.849Z",
    "atl": 67.81,
    "atl_change_percentage": 38053.75771,
    "atl_date": "2013-07-06T00:00:00.000Z",
    "roi": null,
    "last_updated": "2023-09-09T07:25:58.117Z"
  },
  {
    "id": "ethereum",
    "symbol": "eth",
    "name": "Ethereum",
    "image": "https://assets.coingecko.com/coins/images/279/large/ethereum.png?1595348880",
    "current_price": 1634.12,
    "market_cap": 196462482144,
    "market_cap_rank": 2,
    "fully_diluted_valuation": 196461580071,
    "total_volume": 5193614447,
    "high_24h": 1647.84,
    "low_24h": 1618.63,
    "price_change_24h": -13.724066719674056,
    "price_change_percentage_24h": -0.83285,
    "market_cap_change_24h": -1471968842.7942505,
    "market_cap_change_percentage_24h": -0.74366,
    "circulating_supply": 120219494.806038,
    "total_supply": 120218942.808306,
    "max_supply": null,
    "ath": 4878.26,
    "ath_change_percentage": -66.50031,
    "ath_date": "2021-11-10T14:24:19.604Z",
    "atl": 0.432979,
    "atl_change_percentage": 377332.31374,
    "atl_date": "2015-10-20T00:00:00.000Z",
    "roi": {
      "times": 83.45367090549482,
      "currency": "btc",
      "percentage": 8345.367090549482
    },
    "last_updated": "2023-09-09T07:26:01.469Z"
  },
  {
    "id": "tether",
    "symbol": "usdt",
    "name": "Tether",
    "image": "https://assets.coingecko.com/coins/images/325/large/Tether.png?1668148663",
    "current_price": 0.999551,
    "market_cap": 82977520159,
    "market_cap_rank": 3,
    "fully_diluted_valuation": 82977520159,
    "total_volume": 8872201586,
    "high_24h": 1.001,
    "low_24h": 0.996971,
    "price_change_24h": 0.00036781,
    "price_change_percentage_24h": 0.03681,
    "market_cap_change_24h": 112808929,
    "market_cap_change_percentage_24h": 0.13614,
    "circulating_supply": 83016246102.3236,
    "total_supply": 83016246102.3236,
    "max_supply": null,
    "ath": 1.32,
    "ath_change_percentage": -24.45491,
    "ath_date": "2018-07-24T00:00:00.000Z",
    "atl": 0.572521,
    "atl_change_percentage": 74.5846,
    "atl_date": "2015-03-02T00:00:00.000Z",
    "roi": null,
    "last_updated": "2023-09-09T07:25:00.425Z"
  },
  {
    "id": "binancecoin",
    "symbol": "bnb",
    "name": "BNB",
    "image": "https://assets.coingecko.com/coins/images/825/large/bnb-icon2_2x.png?1644979850",
    "current_price": 215.05,
    "market_cap": 33088147063,
    "market_cap_rank": 4,
    "fully_diluted_valuation": 43011796490,
    "total_volume": 254888041,
    "high_24h": 216.93,
    "low_24h": 213.34,
    "price_change_24h": -1.8397570241029655,
    "price_change_percentage_24h": -0.84825,
    "market_cap_change_24h": -274708960.5725746,
    "market_cap_change_percentage_24h": -0.8234,
    "circulating_supply": 153856150,
    "total_supply": 153856150,
    "max_supply": 200000000,
    "ath": 686.31,
    "ath_change_percentage": -68.66489,
    "ath_date": "2021-05-10T07:24:17.097Z",
    "atl": 0.0398177,
    "atl_change_percentage": 539998.86113,
    "atl_date": "2017-10-19T00:00:00.000Z",
    "roi": null,
    "last_updated": "2023-09-09T07:25:54.597Z"
  },
  {
    "id": "ripple",
    "symbol": "xrp",
    "name": "XRP",
    "image": "https://assets.coingecko.com/coins/images/44/large/xrp-symbol-white-128.png?1605778731",
    "current_price": 0.503117,
    "market_cap": 26701930962,
    "market_cap_rank": 5,
    "fully_diluted_valuation": 50302182555,
    "total_volume": 552619941,
    "high_24h": 0.50586,
    "low_24h": 0.49631,
    "price_change_24h": 0.00009979,
    "price_change_percentage_24h": 0.01984,
    "market_cap_change_24h": 88142977,
    "market_cap_change_percentage_24h": 0.33119,
    "circulating_supply": 53083046512,
    "total_supply": 99988441546,
    "max_supply": 100000000000,
    "ath": 3.4,
    "ath_change_percentage": -85.1968,
    "ath_date": "2018-01-07T00:00:00.000Z",
    "atl": 0.00268621,
    "atl_change_percentage": 18628.24986,
    "atl_date": "2014-05-22T00:00:00.000Z",
    "roi": null,
    "last_updated": "2023-09-09T07:25:53.701Z"
  },
  {
    "id": "usd-coin",
    "symbol": "usdc",
    "name": "USD Coin",
    "image": "https://assets.coingecko.com/coins/images/6319/large/USD_Coin_icon.png?1547042389",
    "current_price": 1,
    "market_cap": 26130258840,
    "market_cap_rank": 6,
    "fully_diluted_valuation": 26131647219,
    "total_volume": 2878252833,
    "high_24h": 1.002,
    "low_24h": 0.998703,
    "price_change_24h": -0.000665095142509786,
    "price_change_percentage_24h": -0.06646,
    "market_cap_change_24h": 135475080,
    "market_cap_change_percentage_24h": 0.52116,
    "circulating_supply": 26127177629.1008,
    "total_supply": 26128565844.7412,
    "max_supply": null,
    "ath": 1.17,
    "ath_change_percentage": -14.71812,
    "ath_date": "2019-05-08T00:40:28.300Z",
    "atl": 0.877647,
    "atl_change_percentage": 13.95313,
    "atl_date": "2023-03-11T08:02:13.981Z",
    "roi": null,
    "last_updated": "2023-09-09T07:25:53.717Z"
  },
  {
    "id": "staked-ether",
    "symbol": "steth",
    "name": "Lido Staked Ether",
    "image": "https://assets.coingecko.com/coins/images/13442/large/steth_logo.png?1608607546",
    "current_price": 1634.09,
    "market_cap": 14038728772,
    "market_cap_rank": 7,
    "fully_diluted_valuation": 14038728772,
    "total_volume": 13285172,
    "high_24h": 1646.17,
    "low_24h": 1617.41,
    "price_change_24h": -11.549909541434317,
    "price_change_percentage_24h": -0.70185,
    "market_cap_change_24h": -100301167.68980408,
    "market_cap_change_percentage_24h": -0.70939,
    "circulating_supply": 8596478.42994308,
    "total_supply": 8596478.42994308,
    "max_supply": 8596478.42994308,
    "ath": 4829.57,
    "ath_change_percentage": -66.1615,
    "ath_date": "2021-11-10T14:40:47.256Z",
    "atl": 482.9,
    "atl_change_percentage": 238.42765,
    "atl_date": "2020-12-22T04:08:21.854Z",
    "roi": null,
    "last_updated": "2023-09-09T07:25:53.004Z"
  },
  {
    "id": "dogecoin",
    "symbol": "doge",
    "name": "Dogecoin",
    "image": "https://assets.coingecko.com/coins/images/5/large/dogecoin.png?1547792256",
    "current_price": 0.063459,
    "market_cap": 8943441062,
    "market_cap_rank": 8,
    "fully_diluted_valuation": 8943307798,
    "total_volume": 186638748,
    "high_24h": 0.063822,
    "low_24h": 0.062616,
    "price_change_24h": -0.000191608108974922,
    "price_change_percentage_24h": -0.30103,
    "market_cap_change_24h": -23423740.455350876,
    "market_cap_change_percentage_24h": -0.26123,
    "circulating_supply": 140933136383.705,
    "total_supply": 140931036383.705,
    "max_supply": null,
    "ath": 0.731578,
    "ath_change_percentage": -91.32587,
    "ath_date": "2021-05-08T05:08:23.458Z",
    "atl": 0.0000869,
    "atl_change_percentage": 72921.08871,
    "atl_date": "2015-05-06T00:00:00.000Z",
    "roi": null,
    "last_updated": "2023-09-09T07:25:54.783Z"
  },
  {
    "id": "cardano",
    "symbol": "ada",
    "name": "Cardano",
    "image": "https://assets.coingecko.com/coins/images/975/large/cardano.png?1547034860",
    "current_price": 0.254691,
    "market_cap": 8926885533,
    "market_cap_rank": 9,
    "fully_diluted_valuation": 11462679703,
    "total_volume": 77550583,
    "high_24h": 0.25817,
    "low_24h": 0.252767,
    "price_change_24h": -0.003353312158911715,
    "price_change_percentage_24h": -1.29951,
    "market_cap_change_24h": -116952350.6806202,
    "market_cap_change_percentage_24h": -1.29317,
    "circulating_supply": 35045020830.3234,
    "total_supply": 45000000000,
    "max_supply": 45000000000,
    "ath": 3.09,
    "ath_change_percentage": -91.74832,
    "ath_date": "2021-09-02T06:00:10.474Z",
    "atl": 0.01925275,
    "atl_change_percentage": 1223.04203,
    "atl_date": "2020-03-13T02:22:55.044Z",
    "roi": null,
    "last_updated": "2023-09-09T07:25:56.488Z"
  },
  {
    "id": "solana",
    "symbol": "sol",
    "name": "Solana",
    "image": "https://assets.coingecko.com/coins/images/4128/large/solana.png?1640133422",
    "current_price": 19.49,
    "market_cap": 8004650085,
    "market_cap_rank": 10,
    "fully_diluted_valuation": 10859458614,
    "total_volume": 191462748,
    "high_24h": 19.9,
    "low_24h": 19.41,
    "price_change_24h": -0.4056461434624197,
    "price_change_percentage_24h": -2.03838,
    "market_cap_change_24h": -143608873.3766966,
    "market_cap_change_percentage_24h": -1.76245,
    "circulating_supply": 410612018.918985,
    "total_supply": 557054234.562408,
    "max_supply": null,
    "ath": 259.96,
    "ath_change_percentage": -92.50035,
    "ath_date": "2021-11-06T21:54:35.825Z",
    "atl": 0.500801,
    "atl_change_percentage": 3792.96674,
    "atl_date": "2020-05-11T19:35:23.449Z",
    "roi": null,
    "last_updated": "2023-09-09T07:26:00.997Z"
  },
  {
    "id": "tron",
    "symbol": "trx",
    "name": "TRON",
    "image": "https://assets.coingecko.com/coins/images/1094/large/tron-logo.png?1547035066",
    "current_price": 0.07881,
    "market_cap": 7031571920,
    "market_cap_rank": 11,
    "fully_diluted_valuation": 7031648460,
    "total_volume": 143985100,
    "high_24h": 0.079173,
    "low_24h": 0.078324,
    "price_change_24h": -0.000353696326576336,
    "price_change_percentage_24h": -0.44679,
    "market_cap_change_24h": -32501167.910348892,
    "market_cap_change_percentage_24h": -0.46009,
    "circulating_supply": 89254260976.835,
    "total_supply": 89255232524.7622,
    "max_supply": null,
    "ath": 0.231673,
    "ath_change_percentage": -65.99115,
    "ath_date": "2018-01-05T00:00:00.000Z",
    "atl": 0.00180434,
    "atl_change_percentage": 4266.64708,
    "atl_date": "2017-11-12T00:00:00.000Z",
    "roi": {
      "times": 40.47920078100534,
      "currency": "usd",
      "percentage": 4047.9200781005343
    },
    "last_updated": "2023-09-09T07:25:53.637Z"
  },
  {
    "id": "the-open-network",
    "symbol": "ton",
    "name": "Toncoin",
    "image": "https://assets.coingecko.com/coins/images/17980/large/ton_symbol.png?1670498136",
    "current_price": 1.78,
    "market_cap": 6127461138,
    "market_cap_rank": 12,
    "fully_diluted_valuation": 9068714259,
    "total_volume": 18801413,
    "high_24h": 1.83,
    "low_24h": 1.77,
    "price_change_24h": -0.004379910617262617,
    "price_change_percentage_24h": -0.24524,
    "market_cap_change_24h": -17519178.34091282,
    "market_cap_change_percentage_24h": -0.2851,
    "circulating_supply": 3441556819.38633,
    "total_supply": 5093544406.28663,
    "max_supply": null,
    "ath": 5.29,
    "ath_change_percentage": -66.352,
    "ath_date": "2021-11-12T06:50:02.476Z",
    "atl": 0.519364,
    "atl_change_percentage": 242.77457,
    "atl_date": "2021-09-21T00:33:11.092Z",
    "roi": null,
    "last_updated": "2023-09-09T07:26:00.675Z"
  },
  {
    "id": "polkadot",
    "symbol": "dot",
    "name": "Polkadot",
    "image": "https://assets.coingecko.com/coins/images/12171/large/polkadot.png?1639712644",
    "current_price": 4.27,
    "market_cap": 5430781917,
    "market_cap_rank": 13,
    "fully_diluted_valuation": 5776082018,
    "total_volume": 80310968,
    "high_24h": 4.3,
    "low_24h": 4.21,
    "price_change_24h": -0.02929434585280788,
    "price_change_percentage_24h": -0.68153,
    "market_cap_change_24h": -37434955.15253067,
    "market_cap_change_percentage_24h": -0.68459,
    "circulating_supply": 1273107388.7834,
    "total_supply": 1354054132.10629,
    "max_supply": null,
    "ath": 54.98,
    "ath_change_percentage": -92.23963,
    "ath_date": "2021-11-04T14:10:09.301Z",
    "atl": 2.7,
    "atl_change_percentage": 58.1759,
    "atl_date": "2020-08-20T05:48:11.359Z",
    "roi": null,
    "last_updated": "2023-09-09T07:25:58.327Z"
  },
  {
    "id": "matic-network",
    "symbol": "matic",
    "name": "Polygon",
    "image": "https://assets.coingecko.com/coins/images/4713/large/matic-token-icon.png?1624446912",
    "current_price": 0.541672,
    "market_cap": 5044879570,
    "market_cap_rank": 14,
    "fully_diluted_valuation": 5413269289,
    "total_volume": 121955445,
    "high_24h": 0.547069,
    "low_24h": 0.536634,
    "price_change_24h": -0.005397067750590123,
    "price_change_percentage_24h": -0.98654,
    "market_cap_change_24h": -46317199.67115879,
    "market_cap_change_percentage_24h": -0.90975,
    "circulating_supply": 9319469069.28493,
    "total_supply": 10000000000,
    "max_supply": 10000000000,
    "ath": 2.92,
    "ath_change_percentage": -81.43542,
    "ath_date": "2021-12-27T02:08:34.307Z",
    "atl": 0.00314376,
    "atl_change_percentage": 17121.16314,
    "atl_date": "2019-05-10T00:00:00.000Z",
    "roi": {
      "times": 204.95891057773346,
      "currency": "usd",
      "percentage": 20495.891057773348
    },
    "last_updated": "2023-09-09T07:25:56.821Z"
  },
  {
    "id": "litecoin",
    "symbol": "ltc",
    "name": "Litecoin",
    "image": "https://assets.coingecko.com/coins/images/2/large/litecoin.png?1547033580",
    "current_price": 62.7,
    "market_cap": 4615281350,
    "market_cap_rank": 15,
    "fully_diluted_valuation": 5265020838,
    "total_volume": 221702150,
    "high_24h": 63.36,
    "low_24h": 61.91,
    "price_change_24h": -0.6619031905146358,
    "price_change_percentage_24h": -1.04466,
    "market_cap_change_24h": -47771343.378424644,
    "market_cap_change_percentage_24h": -1.02447,
    "circulating_supply": 73633826.9834713,
    "total_supply": 84000000,
    "max_supply": 84000000,
    "ath": 410.26,
    "ath_change_percentage": -84.72064,
    "ath_date": "2021-05-10T03:13:07.904Z",
    "atl": 1.15,
    "atl_change_percentage": 5356.36702,
    "atl_date": "2015-01-14T00:00:00.000Z",
    "roi": null,
    "last_updated": "2023-09-09T07:25:54.907Z"
  },
  {
    "id": "shiba-inu",
    "symbol": "shib",
    "name": "Shiba Inu",
    "image": "https://assets.coingecko.com/coins/images/11939/large/shiba.png?1622619446",
    "current_price": 0.00000762,
    "market_cap": 4495986566,
    "market_cap_rank": 16,
    "fully_diluted_valuation": 7628845112,
    "total_volume": 63652220,
    "high_24h": 0.00000767,
    "low_24h": 0.00000751,
    "price_change_24h": -4.2114294486e-8,
    "price_change_percentage_24h": -0.5493,
    "market_cap_change_24h": -14306323.360033035,
    "market_cap_change_percentage_24h": -0.31719,
    "circulating_supply": 589330871194761.2,
    "total_supply": 999983845677601,
    "max_supply": null,
    "ath": 0.00008616,
    "ath_change_percentage": -91.13817,
    "ath_date": "2021-10-28T03:54:55.568Z",
    "atl": 5.6366e-11,
    "atl_change_percentage": 13545641.7314,
    "atl_date": "2020-11-28T11:26:25.838Z",
    "roi": null,
    "last_updated": "2023-09-09T07:25:54.360Z"
  },
  {
    "id": "wrapped-bitcoin",
    "symbol": "wbtc",
    "name": "Wrapped Bitcoin",
    "image": "https://assets.coingecko.com/coins/images/7598/large/wrapped_bitcoin_wbtc.png?1548822744",
    "current_price": 25921,
    "market_cap": 4221192920,
    "market_cap_rank": 17,
    "fully_diluted_valuation": 4221192920,
    "total_volume": 33102799,
    "high_24h": 26268,
    "low_24h": 25716,
    "price_change_24h": -347.4818173954118,
    "price_change_percentage_24h": -1.32283,
    "market_cap_change_24h": -53426104.89330578,
    "market_cap_change_percentage_24h": -1.24984,
    "circulating_supply": 162874.87174305,
    "total_supply": 162874.87174305,
    "max_supply": 162874.87174305,
    "ath": 70643,
    "ath_change_percentage": -63.31323,
    "ath_date": "2021-11-10T14:40:19.650Z",
    "atl": 3139.17,
    "atl_change_percentage": 725.59267,
    "atl_date": "2019-04-02T00:00:00.000Z",
    "roi": null,
    "last_updated": "2023-09-09T07:25:56.240Z"
  },
  {
    "id": "dai",
    "symbol": "dai",
    "name": "Dai",
    "image": "https://assets.coingecko.com/coins/images/9956/large/Badge_Dai.png?1687143508",
    "current_price": 0.999285,
    "market_cap": 3835664905,
    "market_cap_rank": 18,
    "fully_diluted_valuation": 3835664905,
    "total_volume": 63750994,
    "high_24h": 1.001,
    "low_24h": 0.997302,
    "price_change_24h": 0.00015109,
    "price_change_percentage_24h": 0.01512,
    "market_cap_change_24h": 600045,
    "market_cap_change_percentage_24h": 0.01565,
    "circulating_supply": 3838219158.92895,
    "total_supply": 3838219158.92895,
    "max_supply": null,
    "ath": 1.22,
    "ath_change_percentage": -18.01546,
    "ath_date": "2020-03-13T03:02:50.373Z",
    "atl": 0.88196,
    "atl_change_percentage": 13.30839,
    "atl_date": "2023-03-11T07:50:50.514Z",
    "roi": null,
    "last_updated": "2023-09-09T07:25:00.288Z"
  },
  {
    "id": "bitcoin-cash",
    "symbol": "bch",
    "name": "Bitcoin Cash",
    "image": "https://assets.coingecko.com/coins/images/780/large/bitcoin-cash-circle.png?1594689492",
    "current_price": 191.84,
    "market_cap": 3743349080,
    "market_cap_rank": 19,
    "fully_diluted_valuation": 4031485099,
    "total_volume": 83543809,
    "high_24h": 194.82,
    "low_24h": 191,
    "price_change_24h": -2.9845709302194336,
    "price_change_percentage_24h": -1.53193,
    "market_cap_change_24h": -56638576.01912212,
    "market_cap_change_percentage_24h": -1.49049,
    "circulating_supply": 19499099.8966508,
    "total_supply": 21000000,
    "max_supply": 21000000,
    "ath": 3785.82,
    "ath_change_percentage": -94.92923,
    "ath_date": "2017-12-20T00:00:00.000Z",
    "atl": 76.93,
    "atl_change_percentage": 149.52328,
    "atl_date": "2018-12-16T00:00:00.000Z",
    "roi": null,
    "last_updated": "2023-09-09T07:25:58.033Z"
  },
  {
    "id": "leo-token",
    "symbol": "leo",
    "name": "LEO Token",
    "image": "https://assets.coingecko.com/coins/images/8418/large/leo-token.png?1558326215",
    "current_price": 3.84,
    "market_cap": 3567834882,
    "market_cap_rank": 20,
    "fully_diluted_valuation": 3782307077,
    "total_volume": 137490,
    "high_24h": 3.84,
    "low_24h": 3.78,
    "price_change_24h": 0.039034,
    "price_change_percentage_24h": 1.0271,
    "market_cap_change_24h": 38390566,
    "market_cap_change_percentage_24h": 1.08772,
    "circulating_supply": 929372416.9,
    "total_supply": 985239504,
    "max_supply": null,
    "ath": 8.14,
    "ath_change_percentage": -52.81449,
    "ath_date": "2022-02-08T17:40:10.285Z",
    "atl": 0.799859,
    "atl_change_percentage": 379.92244,
    "atl_date": "2019-12-24T15:14:35.376Z",
    "roi": null,
    "last_updated": "2023-09-09T07:25:55.103Z"
  },
  {
    "id": "stellar",
    "symbol": "xlm",
    "name": "Stellar",
    "image": "https://assets.coingecko.com/coins/images/100/large/Stellar_symbol_black_RGB.png?1552356157",
    "current_price": 0.129816,
    "market_cap": 3563282215,
    "market_cap_rank": 21,
    "fully_diluted_valuation": 6478602129,
    "total_volume": 94373480,
    "high_24h": 0.131164,
    "low_24h": 0.122627,
    "price_change_24h": 0.00517677,
    "price_change_percentage_24h": 4.15339,
    "market_cap_change_24h": 141153499,
    "market_cap_change_percentage_24h": 4.12473,
    "circulating_supply": 27501376906.2425,
    "total_supply": 50001787183.4715,
    "max_supply": 50001787183.4715,
    "ath": 0.875563,
    "ath_change_percentage": -85.20583,
    "ath_date": "2018-01-03T00:00:00.000Z",
    "atl": 0.00047612,
    "atl_change_percentage": 27105.6089,
    "atl_date": "2015-03-05T00:00:00.000Z",
    "roi": null,
    "last_updated": "2023-09-09T07:25:58.839Z"
  },
  {
    "id": "avalanche-2",
    "symbol": "avax",
    "name": "Avalanche",
    "image": "https://assets.coingecko.com/coins/images/12559/large/Avalanche_Circle_RedWhite_Trans.png?1670992574",
    "current_price": 9.89,
    "market_cap": 3497873312,
    "market_cap_rank": 22,
    "fully_diluted_valuation": 7119135415,
    "total_volume": 82729309,
    "high_24h": 10.09,
    "low_24h": 9.87,
    "price_change_24h": -0.1918492260194231,
    "price_change_percentage_24h": -1.90225,
    "market_cap_change_24h": -62887093.23688221,
    "market_cap_change_percentage_24h": -1.76611,
    "circulating_supply": 353760483.227324,
    "total_supply": 431136615.947184,
    "max_supply": 720000000,
    "ath": 144.96,
    "ath_change_percentage": -93.17855,
    "ath_date": "2021-11-21T14:18:56.538Z",
    "atl": 2.8,
    "atl_change_percentage": 253.02517,
    "atl_date": "2020-12-31T13:15:21.540Z",
    "roi": null,
    "last_updated": "2023-09-09T07:25:56.756Z"
  },
  {
    "id": "chainlink",
    "symbol": "link",
    "name": "Chainlink",
    "image": "https://assets.coingecko.com/coins/images/877/large/chainlink-new-logo.png?1547034700",
    "current_price": 6.24,
    "market_cap": 3357187228,
    "market_cap_rank": 23,
    "fully_diluted_valuation": 6238965634,
    "total_volume": 157019439,
    "high_24h": 6.32,
    "low_24h": 6.15,
    "price_change_24h": -0.08005387352258442,
    "price_change_percentage_24h": -1.26646,
    "market_cap_change_24h": -44269430.62668276,
    "market_cap_change_percentage_24h": -1.30148,
    "circulating_supply": 538099971.2305644,
    "total_supply": 1000000000,
    "max_supply": 1000000000,
    "ath": 52.7,
    "ath_change_percentage": -88.16067,
    "ath_date": "2021-05-10T00:13:57.214Z",
    "atl": 0.148183,
    "atl_change_percentage": 4110.27963,
    "atl_date": "2017-11-29T00:00:00.000Z",
    "roi": null,
    "last_updated": "2023-09-09T07:25:54.517Z"
  },
  {
    "id": "uniswap",
    "symbol": "uni",
    "name": "Uniswap",
    "image": "https://assets.coingecko.com/coins/images/12504/large/uni.jpg?1687143398",
    "current_price": 4.35,
    "market_cap": 3273240508,
    "market_cap_rank": 24,
    "fully_diluted_valuation": 4342511618,
    "total_volume": 51282097,
    "high_24h": 4.45,
    "low_24h": 4.32,
    "price_change_24h": -0.10294137957080096,
    "price_change_percentage_24h": -2.31427,
    "market_cap_change_24h": -77091083.12222052,
    "market_cap_change_percentage_24h": -2.301,
    "circulating_supply": 753766667,
    "total_supply": 1000000000,
    "max_supply": 1000000000,
    "ath": 44.92,
    "ath_change_percentage": -90.33006,
    "ath_date": "2021-05-03T05:25:04.822Z",
    "atl": 1.03,
    "atl_change_percentage": 321.63393,
    "atl_date": "2020-09-17T01:20:38.214Z",
    "roi": null,
    "last_updated": "2023-09-09T07:25:56.093Z"
  },
  {
    "id": "true-usd",
    "symbol": "tusd",
    "name": "TrueUSD",
    "image": "https://assets.coingecko.com/coins/images/3449/large/tusd.png?1618395665",
    "current_price": 0.998257,
    "market_cap": 3184491303,
    "market_cap_rank": 25,
    "fully_diluted_valuation": 3184491303,
    "total_volume": 354964054,
    "high_24h": 1.001,
    "low_24h": 0.996753,
    "price_change_24h": -0.001707089246976712,
    "price_change_percentage_24h": -0.17072,
    "market_cap_change_24h": -74888511.14960003,
    "market_cap_change_percentage_24h": -2.29763,
    "circulating_supply": 3188239476.69,
    "total_supply": 3188239476.69,
    "max_supply": null,
    "ath": 1.62,
    "ath_change_percentage": -38.28015,
    "ath_date": "2018-08-26T20:41:09.375Z",
    "atl": 0.88355,
    "atl_change_percentage": 13.06024,
    "atl_date": "2020-03-12T10:47:51.380Z",
    "roi": null,
    "last_updated": "2023-09-09T07:25:58.266Z"
  },
  {
    "id": "monero",
    "symbol": "xmr",
    "name": "Monero",
    "image": "https://assets.coingecko.com/coins/images/69/large/monero_logo.png?1547033729",
    "current_price": 142.93,
    "market_cap": 2594104884,
    "market_cap_rank": 26,
    "fully_diluted_valuation": null,
    "total_volume": 49420494,
    "high_24h": 144.01,
    "low_24h": 141.22,
    "price_change_24h": -0.512022933612343,
    "price_change_percentage_24h": -0.35696,
    "market_cap_change_24h": -7951660.973546982,
    "market_cap_change_percentage_24h": -0.30559,
    "circulating_supply": 18147820.3764146,
    "total_supply": null,
    "max_supply": null,
    "ath": 542.33,
    "ath_change_percentage": -73.63935,
    "ath_date": "2018-01-09T00:00:00.000Z",
    "atl": 0.216177,
    "atl_change_percentage": 66031.33356,
    "atl_date": "2015-01-14T00:00:00.000Z",
    "roi": null,
    "last_updated": "2023-09-09T07:26:02.007Z"
  },
  {
    "id": "binance-usd",
    "symbol": "busd",
    "name": "Binance USD",
    "image": "https://assets.coingecko.com/coins/images/9576/large/BUSD.png?1568947766",
    "current_price": 0.999463,
    "market_cap": 2590523920,
    "market_cap_rank": 27,
    "fully_diluted_valuation": 2590523920,
    "total_volume": 1591883983,
    "high_24h": 1.003,
    "low_24h": 0.996861,
    "price_change_24h": -0.000752384442262666,
    "price_change_percentage_24h": -0.07522,
    "market_cap_change_24h": -26494502.356566906,
    "market_cap_change_percentage_24h": -1.01239,
    "circulating_supply": 2591414132.47,
    "total_supply": 2591414132.47,
    "max_supply": null,
    "ath": 1.15,
    "ath_change_percentage": -13.39679,
    "ath_date": "2020-03-13T02:35:42.953Z",
    "atl": 0.901127,
    "atl_change_percentage": 10.92527,
    "atl_date": "2021-05-19T13:04:37.445Z",
    "roi": null,
    "last_updated": "2023-09-09T07:25:52.485Z"
  },
  {
    "id": "okb",
    "symbol": "okb",
    "name": "OKB",
    "image": "https://assets.coingecko.com/coins/images/4463/large/WeChat_Image_20220118095654.png?1642471050",
    "current_price": 42.18,
    "market_cap": 2530907589,
    "market_cap_rank": 28,
    "fully_diluted_valuation": 12654537946,
    "total_volume": 2502992,
    "high_24h": 42.46,
    "low_24h": 41.87,
    "price_change_24h": -0.234802640725718,
    "price_change_percentage_24h": -0.55363,
    "market_cap_change_24h": -12300194.65852499,
    "market_cap_change_percentage_24h": -0.48365,
    "circulating_supply": 60000000,
    "total_supply": 235957685.3,
    "max_supply": 300000000,
    "ath": 58.66,
    "ath_change_percentage": -28.08122,
    "ath_date": "2023-02-18T01:21:37.582Z",
    "atl": 0.580608,
    "atl_change_percentage": 7165.93001,
    "atl_date": "2019-01-14T00:00:00.000Z",
    "roi": null,
    "last_updated": "2023-09-09T07:25:57.867Z"
  },
  {
    "id": "ethereum-classic",
    "symbol": "etc",
    "name": "Ethereum Classic",
    "image": "https://assets.coingecko.com/coins/images/453/large/ethereum-classic-logo.png?1547034169",
    "current_price": 15.45,
    "market_cap": 2208513729,
    "market_cap_rank": 29,
    "fully_diluted_valuation": 3256182121,
    "total_volume": 33245121,
    "high_24h": 15.58,
    "low_24h": 15.24,
    "price_change_24h": -0.12241475561661375,
    "price_change_percentage_24h": -0.78591,
    "market_cap_change_24h": -16766402.115405083,
    "market_cap_change_percentage_24h": -0.75345,
    "circulating_supply": 142907805.986644,
    "total_supply": 210700000,
    "max_supply": 210700000,
    "ath": 167.09,
    "ath_change_percentage": -90.75153,
    "ath_date": "2021-05-06T18:34:22.133Z",
    "atl": 0.615038,
    "atl_change_percentage": 2412.50171,
    "atl_date": "2016-07-25T00:00:00.000Z",
    "roi": {
      "times": 33.34154911352527,
      "currency": "usd",
      "percentage": 3334.1549113525266
    },
    "last_updated": "2023-09-09T07:25:52.734Z"
  },
  {
    "id": "cosmos",
    "symbol": "atom",
    "name": "Cosmos Hub",
    "image": "https://assets.coingecko.com/coins/images/1481/large/cosmos_hub.png?1555657960",
    "current_price": 6.87,
    "market_cap": 2008504898,
    "market_cap_rank": 30,
    "fully_diluted_valuation": null,
    "total_volume": 62584689,
    "high_24h": 6.95,
    "low_24h": 6.8,
    "price_change_24h": -0.07928030488850002,
    "price_change_percentage_24h": -1.14136,
    "market_cap_change_24h": -23567778.281253338,
    "market_cap_change_percentage_24h": -1.15979,
    "circulating_supply": 292586163.827428,
    "total_supply": null,
    "max_supply": null,
    "ath": 44.45,
    "ath_change_percentage": -84.55565,
    "ath_date": "2022-01-17T00:34:41.497Z",
    "atl": 1.16,
    "atl_change_percentage": 491.75511,
    "atl_date": "2020-03-13T02:27:44.591Z",
    "roi": {
      "times": 67.66816275942607,
      "currency": "usd",
      "percentage": 6766.816275942607
    },
    "last_updated": "2023-09-09T07:25:59.179Z"
  },
  {
    "id": "hedera-hashgraph",
    "symbol": "hbar",
    "name": "Hedera",
    "image": "https://assets.coingecko.com/coins/images/3688/large/hbar.png?1637045634",
    "current_price": 0.04981661,
    "market_cap": 1654741710,
    "market_cap_rank": 31,
    "fully_diluted_valuation": 2491515481,
    "total_volume": 18241751,
    "high_24h": 0.050267,
    "low_24h": 0.04932625,
    "price_change_24h": -0.000450028515090906,
    "price_change_percentage_24h": -0.89528,
    "market_cap_change_24h": -12187692.801541567,
    "market_cap_change_percentage_24h": -0.73115,
    "circulating_supply": 33207534181.2419,
    "total_supply": 50000000000,
    "max_supply": 50000000000,
    "ath": 0.569229,
    "ath_change_percentage": -91.246,
    "ath_date": "2021-09-15T10:40:28.318Z",
    "atl": 0.00986111,
    "atl_change_percentage": 405.32148,
    "atl_date": "2020-01-02T17:30:24.852Z",
    "roi": null,
    "last_updated": "2023-09-09T07:25:55.319Z"
  },
  {
    "id": "internet-computer",
    "symbol": "icp",
    "name": "Internet Computer",
    "image": "https://assets.coingecko.com/coins/images/14495/large/Internet_Computer_logo.png?1620703073",
    "current_price": 3.27,
    "market_cap": 1451789723,
    "market_cap_rank": 32,
    "fully_diluted_valuation": 1652178315,
    "total_volume": 13025148,
    "high_24h": 3.36,
    "low_24h": 3.27,
    "price_change_24h": -0.080065552059565,
    "price_change_percentage_24h": -2.38672,
    "market_cap_change_24h": -33788170.8352108,
    "market_cap_change_percentage_24h": -2.27441,
    "circulating_supply": 443707699.284929,
    "total_supply": 504952079.227416,
    "max_supply": null,
    "ath": 700.65,
    "ath_change_percentage": -99.53282,
    "ath_date": "2021-05-10T16:05:53.653Z",
    "atl": 3.2,
    "atl_change_percentage": 2.13248,
    "atl_date": "2023-09-01T18:01:27.162Z",
    "roi": null,
    "last_updated": "2023-09-09T07:25:57.418Z"
  },
  {
    "id": "filecoin",
    "symbol": "fil",
    "name": "Filecoin",
    "image": "https://assets.coingecko.com/coins/images/12817/large/filecoin.png?1602753933",
    "current_price": 3.24,
    "market_cap": 1447182676,
    "market_cap_rank": 33,
    "fully_diluted_valuation": 6355461314,
    "total_volume": 55826947,
    "high_24h": 3.26,
    "low_24h": 3.19,
    "price_change_24h": -0.01868219712149166,
    "price_change_percentage_24h": -0.57344,
    "market_cap_change_24h": -6228192.52423811,
    "market_cap_change_percentage_24h": -0.42852,
    "circulating_supply": 446636036,
    "total_supply": 1961451097,
    "max_supply": 1961451097,
    "ath": 236.84,
    "ath_change_percentage": -98.6323,
    "ath_date": "2021-04-01T13:29:41.564Z",
    "atl": 2.64,
    "atl_change_percentage": 22.65456,
    "atl_date": "2022-12-16T22:45:28.552Z",
    "roi": null,
    "last_updated": "2023-09-09T07:26:01.864Z"
  },
  {
    "id": "quant-network",
    "symbol": "qnt",
    "name": "Quant",
    "image": "https://assets.coingecko.com/coins/images/3370/large/5ZOu7brX_400x400.jpg?1612437252",
    "current_price": 99.14,
    "market_cap": 1442368648,
    "market_cap_rank": 34,
    "fully_diluted_valuation": 1449143735,
    "total_volume": 10178173,
    "high_24h": 100.61,
    "low_24h": 98.8,
    "price_change_24h": -1.4224277702131047,
    "price_change_percentage_24h": -1.41453,
    "market_cap_change_24h": -20169824.261060953,
    "market_cap_change_percentage_24h": -1.3791,
    "circulating_supply": 14544176.164091088,
    "total_supply": 14612493,
    "max_supply": 14612493,
    "ath": 427.42,
    "ath_change_percentage": -76.79499,
    "ath_date": "2021-09-11T09:15:00.668Z",
    "atl": 0.215773,
    "atl_change_percentage": 45866.49195,
    "atl_date": "2018-08-23T00:00:00.000Z",
    "roi": {
      "times": 25.088009281948583,
      "currency": "eth",
      "percentage": 2508.8009281948584
    },
    "last_updated": "2023-09-09T07:25:57.100Z"
  },
  {
    "id": "crypto-com-chain",
    "symbol": "cro",
    "name": "Cronos",
    "image": "https://assets.coingecko.com/coins/images/7310/large/cro_token_logo.png?1669699773",
    "current_price": 0.052462,
    "market_cap": 1380597241,
    "market_cap_rank": 35,
    "fully_diluted_valuation": 1577352225,
    "total_volume": 8729481,
    "high_24h": 0.053361,
    "low_24h": 0.051361,
    "price_change_24h": 0.00094013,
    "price_change_percentage_24h": 1.82472,
    "market_cap_change_24h": 27651622,
    "market_cap_change_percentage_24h": 2.04381,
    "circulating_supply": 26257874788.2646,
    "total_supply": 30000000000,
    "max_supply": null,
    "ath": 0.965407,
    "ath_change_percentage": -94.554,
    "ath_date": "2021-11-24T15:53:54.855Z",
    "atl": 0.0121196,
    "atl_change_percentage": 333.81006,
    "atl_date": "2019-02-08T00:00:00.000Z",
    "roi": null,
    "last_updated": "2023-09-09T07:25:54.900Z"
  },
  {
    "id": "lido-dao",
    "symbol": "ldo",
    "name": "Lido DAO",
    "image": "https://assets.coingecko.com/coins/images/13573/large/Lido_DAO.png?1609873644",
    "current_price": 1.53,
    "market_cap": 1360799681,
    "market_cap_rank": 36,
    "fully_diluted_valuation": 1531699110,
    "total_volume": 24777377,
    "high_24h": 1.61,
    "low_24h": 1.52,
    "price_change_24h": -0.07003142079937374,
    "price_change_percentage_24h": -4.37047,
    "market_cap_change_24h": -61067556.11926031,
    "market_cap_change_percentage_24h": -4.29488,
    "circulating_supply": 888424934.000569,
    "total_supply": 1000000000,
    "max_supply": 1000000000,
    "ath": 7.3,
    "ath_change_percentage": -79.02493,
    "ath_date": "2021-08-20T08:35:20.158Z",
    "atl": 0.40615,
    "atl_change_percentage": 277.1472,
    "atl_date": "2022-06-18T20:55:12.035Z",
    "roi": null,
    "last_updated": "2023-09-09T07:25:55.215Z"
  },
  {
    "id": "mantle",
    "symbol": "mnt",
    "name": "Mantle",
    "image": "https://assets.coingecko.com/coins/images/30980/large/token-logo.png?1689320029",
    "current_price": 0.413774,
    "market_cap": 1338250667,
    "market_cap_rank": 37,
    "fully_diluted_valuation": 2573290559,
    "total_volume": 9758247,
    "high_24h": 0.418641,
    "low_24h": 0.413483,
    "price_change_24h": -0.004259235245196669,
    "price_change_percentage_24h": -1.01887,
    "market_cap_change_24h": -14358001.68690753,
    "market_cap_change_percentage_24h": -1.0615,
    "circulating_supply": 3234382070.76314,
    "total_supply": 6219316794.99,
    "max_supply": 6219316794.99,
    "ath": 0.600075,
    "ath_change_percentage": -31.03282,
    "ath_date": "2023-07-20T22:39:30.228Z",
    "atl": 0.413483,
    "atl_change_percentage": 0.08995,
    "atl_date": "2023-09-08T10:15:35.274Z",
    "roi": null,
    "last_updated": "2023-09-09T07:25:31.498Z"
  },
  {
    "id": "aptos",
    "symbol": "apt",
    "name": "Aptos",
    "image": "https://assets.coingecko.com/coins/images/26455/large/aptos_round.png?1666839629",
    "current_price": 5.5,
    "market_cap": 1262551726,
    "market_cap_rank": 38,
    "fully_diluted_valuation": 5795322901,
    "total_volume": 43597466,
    "high_24h": 5.63,
    "low_24h": 5.46,
    "price_change_24h": -0.1214958725830595,
    "price_change_percentage_24h": -2.16297,
    "market_cap_change_24h": -16918117.80429578,
    "market_cap_change_percentage_24h": -1.32228,
    "circulating_supply": 229666000.762506,
    "total_supply": 1054205230.63805,
    "max_supply": null,
    "ath": 19.92,
    "ath_change_percentage": -72.35861,
    "ath_date": "2023-01-26T14:25:17.390Z",
    "atl": 3.08,
    "atl_change_percentage": 78.78705,
    "atl_date": "2022-12-29T21:35:14.796Z",
    "roi": null,
    "last_updated": "2023-09-09T07:25:55.338Z"
  },
  {
    "id": "arbitrum",
    "symbol": "arb",
    "name": "Arbitrum",
    "image": "https://assets.coingecko.com/coins/images/16547/large/photo_2023-03-29_21.47.00.jpeg?1680097630",
    "current_price": 0.897921,
    "market_cap": 1144697981,
    "market_cap_rank": 39,
    "fully_diluted_valuation": 8978023379,
    "total_volume": 78493025,
    "high_24h": 0.913192,
    "low_24h": 0.895128,
    "price_change_24h": -0.015270726463598616,
    "price_change_percentage_24h": -1.67224,
    "market_cap_change_24h": -18442066.565144777,
    "market_cap_change_percentage_24h": -1.58554,
    "circulating_supply": 1275000000,
    "total_supply": 10000000000,
    "max_supply": 10000000000,
    "ath": 8.67,
    "ath_change_percentage": -89.64885,
    "ath_date": "2023-03-23T13:10:03.106Z",
    "atl": 0.872873,
    "atl_change_percentage": 2.8537,
    "atl_date": "2023-09-01T18:01:45.264Z",
    "roi": null,
    "last_updated": "2023-09-09T07:25:53.770Z"
  },
  {
    "id": "vechain",
    "symbol": "vet",
    "name": "VeChain",
    "image": "https://assets.coingecko.com/coins/images/1167/large/VET_Token_Icon.png?1680067517",
    "current_price": 0.015617,
    "market_cap": 1135461284,
    "market_cap_rank": 40,
    "fully_diluted_valuation": 1354046531,
    "total_volume": 22022856,
    "high_24h": 0.01575279,
    "low_24h": 0.01547197,
    "price_change_24h": -0.000127227216066337,
    "price_change_percentage_24h": -0.80809,
    "market_cap_change_24h": -7799316.960295439,
    "market_cap_change_percentage_24h": -0.6822,
    "circulating_supply": 72714516834,
    "total_supply": 85985041177,
    "max_supply": 86712634466,
    "ath": 0.280991,
    "ath_change_percentage": -94.44191,
    "ath_date": "2021-04-19T01:08:21.675Z",
    "atl": 0.00191713,
    "atl_change_percentage": 714.64004,
    "atl_date": "2020-03-13T02:29:59.652Z",
    "roi": {
      "times": 2.3450791660718897,
      "currency": "eth",
      "percentage": 234.50791660718897
    },
    "last_updated": "2023-09-09T07:25:54.303Z"
  },
  {
    "id": "near",
    "symbol": "near",
    "name": "NEAR Protocol",
    "image": "https://assets.coingecko.com/coins/images/10365/large/near.jpg?1683515160",
    "current_price": 1.16,
    "market_cap": 1091313422,
    "market_cap_rank": 41,
    "fully_diluted_valuation": 1158910938,
    "total_volume": 34994215,
    "high_24h": 1.16,
    "low_24h": 1.13,
    "price_change_24h": 0.00075586,
    "price_change_percentage_24h": 0.06526,
    "market_cap_change_24h": 2351466,
    "market_cap_change_percentage_24h": 0.21594,
    "circulating_supply": 941671517.686093,
    "total_supply": 1000000000,
    "max_supply": null,
    "ath": 20.44,
    "ath_change_percentage": -94.33044,
    "ath_date": "2022-01-16T22:09:45.873Z",
    "atl": 0.526762,
    "atl_change_percentage": 119.9762,
    "atl_date": "2020-11-04T16:09:15.137Z",
    "roi": null,
    "last_updated": "2023-09-09T07:25:52.905Z"
  },
  {
    "id": "optimism",
    "symbol": "op",
    "name": "Optimism",
    "image": "https://assets.coingecko.com/coins/images/25244/large/Optimism.png?1660904599",
    "current_price": 1.29,
    "market_cap": 1028818415,
    "market_cap_rank": 42,
    "fully_diluted_valuation": 5533683248,
    "total_volume": 44090758,
    "high_24h": 1.33,
    "low_24h": 1.28,
    "price_change_24h": -0.03994529577706496,
    "price_change_percentage_24h": -3.00574,
    "market_cap_change_24h": -31220548.83218825,
    "market_cap_change_percentage_24h": -2.94523,
    "circulating_supply": 798517235,
    "total_supply": 4294967296,
    "max_supply": 4294967296,
    "ath": 3.22,
    "ath_change_percentage": -60.00781,
    "ath_date": "2023-02-24T20:20:00.509Z",
    "atl": 0.402159,
    "atl_change_percentage": 220.52573,
    "atl_date": "2022-06-18T20:54:52.178Z",
    "roi": null,
    "last_updated": "2023-09-09T07:25:58.331Z"
  },
  {
    "id": "maker",
    "symbol": "mkr",
    "name": "Maker",
    "image": "https://assets.coingecko.com/coins/images/1364/large/Mark_Maker.png?1585191826",
    "current_price": 1131.11,
    "market_cap": 1019320484,
    "market_cap_rank": 43,
    "fully_diluted_valuation": 1137238194,
    "total_volume": 41198843,
    "high_24h": 1139.5,
    "low_24h": 1120.49,
    "price_change_24h": -8.062709149711281,
    "price_change_percentage_24h": -0.70777,
    "market_cap_change_24h": -7178970.087522268,
    "market_cap_change_percentage_24h": -0.69936,
    "circulating_supply": 901310.9472893132,
    "total_supply": 977631.036950888,
    "max_supply": 1005577,
    "ath": 6292.31,
    "ath_change_percentage": -82.02754,
    "ath_date": "2021-05-03T21:54:29.333Z",
    "atl": 168.36,
    "atl_change_percentage": 571.71556,
    "atl_date": "2020-03-16T20:52:36.527Z",
    "roi": null,
    "last_updated": "2023-09-09T07:25:52.916Z"
  },
  {
    "id": "rocket-pool-eth",
    "symbol": "reth",
    "name": "Rocket Pool ETH",
    "image": "https://assets.coingecko.com/coins/images/20764/large/reth.png?1637652366",
    "current_price": 1770.7,
    "market_cap": 929452911,
    "market_cap_rank": 44,
    "fully_diluted_valuation": 929452911,
    "total_volume": 2159166,
    "high_24h": 1785.11,
    "low_24h": 1752.68,
    "price_change_24h": -14.406086710246655,
    "price_change_percentage_24h": -0.80701,
    "market_cap_change_24h": -6312557.382935643,
    "market_cap_change_percentage_24h": -0.67459,
    "circulating_supply": 524803.898854223,
    "total_supply": 524803.898854223,
    "max_supply": null,
    "ath": 4814.31,
    "ath_change_percentage": -63.21965,
    "ath_date": "2021-12-01T08:03:50.749Z",
    "atl": 887.26,
    "atl_change_percentage": 99.57093,
    "atl_date": "2022-06-18T20:55:45.957Z",
    "roi": null,
    "last_updated": "2023-09-09T07:25:32.470Z"
  },
  {
    "id": "aave",
    "symbol": "aave",
    "name": "Aave",
    "image": "https://assets.coingecko.com/coins/images/12645/large/AAVE.png?1601374110",
    "current_price": 56.39,
    "market_cap": 819846994,
    "market_cap_rank": 45,
    "fully_diluted_valuation": 902513661,
    "total_volume": 53329650,
    "high_24h": 57.16,
    "low_24h": 55.87,
    "price_change_24h": -0.5771290639389264,
    "price_change_percentage_24h": -1.01315,
    "market_cap_change_24h": -6780639.254549503,
    "market_cap_change_percentage_24h": -0.82028,
    "circulating_supply": 14534463.557582632,
    "total_supply": 16000000,
    "max_supply": 16000000,
    "ath": 661.69,
    "ath_change_percentage": -91.47579,
    "ath_date": "2021-05-18T21:19:59.514Z",
    "atl": 26.02,
    "atl_change_percentage": 116.7448,
    "atl_date": "2020-11-05T09:20:11.928Z",
    "roi": null,
    "last_updated": "2023-09-09T07:25:58.775Z"
  },
  {
    "id": "the-graph",
    "symbol": "grt",
    "name": "The Graph",
    "image": "https://assets.coingecko.com/coins/images/13397/large/Graph_Token.png?1608145566",
    "current_price": 0.087226,
    "market_cap": 800237237,
    "market_cap_rank": 46,
    "fully_diluted_valuation": 871880138,
    "total_volume": 14919923,
    "high_24h": 0.087839,
    "low_24h": 0.085904,
    "price_change_24h": -0.000553926322115525,
    "price_change_percentage_24h": -0.63104,
    "market_cap_change_24h": -4537789.706524372,
    "market_cap_change_percentage_24h": -0.56386,
    "circulating_supply": 9178294149.83951,
    "total_supply": 10000000000,
    "max_supply": null,
    "ath": 2.84,
    "ath_change_percentage": -96.93135,
    "ath_date": "2021-02-12T07:28:45.775Z",
    "atl": 0.052051,
    "atl_change_percentage": 67.51999,
    "atl_date": "2022-11-22T10:05:03.503Z",
    "roi": null,
    "last_updated": "2023-09-09T07:25:55.077Z"
  },
  {
    "id": "kaspa",
    "symbol": "kas",
    "name": "Kaspa",
    "image": "https://assets.coingecko.com/coins/images/25751/large/kaspa-icon-exchanges.png?1653891958",
    "current_price": 0.03877858,
    "market_cap": 798590708,
    "market_cap_rank": 47,
    "fully_diluted_valuation": 1114981414,
    "total_volume": 8607185,
    "high_24h": 0.03984163,
    "low_24h": 0.03723607,
    "price_change_24h": 0.00055524,
    "price_change_percentage_24h": 1.45261,
    "market_cap_change_24h": 15982464,
    "market_cap_change_percentage_24h": 2.0422,
    "circulating_supply": 20558879846.4668,
    "total_supply": 20556551541.8476,
    "max_supply": 28704026601,
    "ath": 0.051714,
    "ath_change_percentage": -24.74559,
    "ath_date": "2023-08-06T12:10:40.416Z",
    "atl": 0.00017105,
    "atl_change_percentage": 22651.93066,
    "atl_date": "2022-05-26T14:42:59.316Z",
    "roi": null,
    "last_updated": "2023-09-09T07:25:54.718Z"
  },
  {
    "id": "xdce-crowd-sale",
    "symbol": "xdc",
    "name": "XDC Network",
    "image": "https://assets.coingecko.com/coins/images/2912/large/xdc-icon.png?1633700890",
    "current_price": 0.055868,
    "market_cap": 774404926,
    "market_cap_rank": 48,
    "fully_diluted_valuation": 2115172999,
    "total_volume": 8851064,
    "high_24h": 0.05818,
    "low_24h": 0.054731,
    "price_change_24h": -0.001219287518462058,
    "price_change_percentage_24h": -2.13581,
    "market_cap_change_24h": -16568542.394192815,
    "market_cap_change_percentage_24h": -2.0947,
    "circulating_supply": 13861973264.4,
    "total_supply": 37861938332.7,
    "max_supply": null,
    "ath": 0.192754,
    "ath_change_percentage": -71.01387,
    "ath_date": "2021-08-21T04:39:48.324Z",
    "atl": 0.00039532,
    "atl_change_percentage": 14033.4197,
    "atl_date": "2019-07-22T00:00:00.000Z",
    "roi": {
      "times": 3.546626369046181,
      "currency": "eth",
      "percentage": 354.66263690461807
    },
    "last_updated": "2023-09-09T07:25:54.510Z"
  },
  {
    "id": "whitebit",
    "symbol": "wbt",
    "name": "WhiteBIT Coin",
    "image": "https://assets.coingecko.com/coins/images/27045/large/wbt_token.png?1667923752",
    "current_price": 5.29,
    "market_cap": 762987251,
    "market_cap_rank": 49,
    "fully_diluted_valuation": 2117666117,
    "total_volume": 7938717,
    "high_24h": 5.33,
    "low_24h": 5.27,
    "price_change_24h": -0.03978841155413538,
    "price_change_percentage_24h": -0.74602,
    "market_cap_change_24h": -5312320.888410687,
    "market_cap_change_percentage_24h": -0.69144,
    "circulating_supply": 144118517.10815412,
    "total_supply": 367866709,
    "max_supply": 400000000,
    "ath": 14.64,
    "ath_change_percentage": -63.83942,
    "ath_date": "2022-10-28T12:32:18.119Z",
    "atl": 3.06,
    "atl_change_percentage": 72.96114,
    "atl_date": "2023-02-13T19:01:21.899Z",
    "roi": null,
    "last_updated": "2023-09-09T07:25:47.718Z"
  },
  {
    "id": "algorand",
    "symbol": "algo",
    "name": "Algorand",
    "image": "https://assets.coingecko.com/coins/images/4380/large/download.png?1547039725",
    "current_price": 0.095471,
    "market_cap": 747169558,
    "market_cap_rank": 50,
    "fully_diluted_valuation": 954425491,
    "total_volume": 17182927,
    "high_24h": 0.097008,
    "low_24h": 0.094862,
    "price_change_24h": -0.001448866140024277,
    "price_change_percentage_24h": -1.49491,
    "market_cap_change_24h": -11100554.324631572,
    "market_cap_change_percentage_24h": -1.46393,
    "circulating_supply": 7828474461.66073,
    "total_supply": 7828474547.78286,
    "max_supply": 10000000000,
    "ath": 3.56,
    "ath_change_percentage": -97.32041,
    "ath_date": "2019-06-20T14:51:19.480Z",
    "atl": 0.090561,
    "atl_change_percentage": 5.37014,
    "atl_date": "2023-08-17T21:51:08.443Z",
    "roi": {
      "times": -0.9602203810698267,
      "currency": "usd",
      "percentage": -96.02203810698266
    },
    "last_updated": "2023-09-09T07:25:53.940Z"
  },
  {
    "id": "usdd",
    "symbol": "usdd",
    "name": "USDD",
    "image": "https://assets.coingecko.com/coins/images/25380/large/UUSD.jpg?1651823371",
    "current_price": 0.99734,
    "market_cap": 723442808,
    "market_cap_rank": 51,
    "fully_diluted_valuation": null,
    "total_volume": 19786155,
    "high_24h": 0.998285,
    "low_24h": 0.99405,
    "price_change_24h": -0.000395816440622365,
    "price_change_percentage_24h": -0.03967,
    "market_cap_change_24h": -8797.382197856903,
    "market_cap_change_percentage_24h": -0.00122,
    "circulating_supply": 725332034.742248,
    "total_supply": null,
    "max_supply": null,
    "ath": 1.044,
    "ath_change_percentage": -4.46131,
    "ath_date": "2022-11-09T09:56:06.131Z",
    "atl": 0.928067,
    "atl_change_percentage": 7.46417,
    "atl_date": "2022-06-19T16:15:11.558Z",
    "roi": null,
    "last_updated": "2023-09-09T07:25:46.152Z"
  },
  {
    "id": "havven",
    "symbol": "snx",
    "name": "Synthetix Network",
    "image": "https://assets.coingecko.com/coins/images/3406/large/SNX.png?1598631139",
    "current_price": 2.17,
    "market_cap": 701556862,
    "market_cap_rank": 52,
    "fully_diluted_valuation": 703128665,
    "total_volume": 42272211,
    "high_24h": 2.26,
    "low_24h": 2.14,
    "price_change_24h": -0.08939042943793085,
    "price_change_percentage_24h": -3.95258,
    "market_cap_change_24h": -24445208.922435522,
    "market_cap_change_percentage_24h": -3.3671,
    "circulating_supply": 323108233.13952357,
    "total_supply": 323832141.088774,
    "max_supply": 323832141.088774,
    "ath": 28.53,
    "ath_change_percentage": -92.38916,
    "ath_date": "2021-02-14T01:12:38.505Z",
    "atl": 0.0347864,
    "atl_change_percentage": 6142.51331,
    "atl_date": "2019-01-06T00:00:00.000Z",
    "roi": {
      "times": 3.344359647570352,
      "currency": "usd",
      "percentage": 334.4359647570352
    },
    "last_updated": "2023-09-09T07:25:55.785Z"
  },
  {
    "id": "frax",
    "symbol": "frax",
    "name": "Frax",
    "image": "https://assets.coingecko.com/coins/images/13422/large/FRAX_icon.png?1679886922",
    "current_price": 0.99639,
    "market_cap": 670032604,
    "market_cap_rank": 53,
    "fully_diluted_valuation": 670032604,
    "total_volume": 3036146,
    "high_24h": 0.999557,
    "low_24h": 0.994453,
    "price_change_24h": 0.00033824,
    "price_change_percentage_24h": 0.03396,
    "market_cap_change_24h": 893187,
    "market_cap_change_percentage_24h": 0.13348,
    "circulating_supply": 671723780.559441,
    "total_supply": 671723780.559441,
    "max_supply": null,
    "ath": 1.14,
    "ath_change_percentage": -12.54077,
    "ath_date": "2021-02-07T12:55:35.766Z",
    "atl": 0.874536,
    "atl_change_percentage": 14.05243,
    "atl_date": "2023-03-11T07:50:39.316Z",
    "roi": null,
    "last_updated": "2023-09-09T07:25:43.419Z"
  },
  {
    "id": "radix",
    "symbol": "xrd",
    "name": "Radix",
    "image": "https://assets.coingecko.com/coins/images/4374/large/Radix.png?1629701658",
    "current_price": 0.06442,
    "market_cap": 660458201,
    "market_cap_rank": 54,
    "fully_diluted_valuation": 1546662256,
    "total_volume": 4704283,
    "high_24h": 0.064832,
    "low_24h": 0.055731,
    "price_change_24h": 0.0086898,
    "price_change_percentage_24h": 15.59251,
    "market_cap_change_24h": 89461843,
    "market_cap_change_percentage_24h": 15.66767,
    "circulating_supply": 10248518554.9186,
    "total_supply": 12648428955.4168,
    "max_supply": 24000000000,
    "ath": 0.651264,
    "ath_change_percentage": -90.10589,
    "ath_date": "2021-11-14T16:09:27.130Z",
    "atl": 0.03145312,
    "atl_change_percentage": 104.86589,
    "atl_date": "2022-11-29T23:20:09.754Z",
    "roi": null,
    "last_updated": "2023-09-09T07:25:52.420Z"
  },
  {
    "id": "tezos",
    "symbol": "xtz",
    "name": "Tezos",
    "image": "https://assets.coingecko.com/coins/images/976/large/Tezos-logo.png?1547034862",
    "current_price": 0.693851,
    "market_cap": 654737118,
    "market_cap_rank": 55,
    "fully_diluted_valuation": null,
    "total_volume": 12526388,
    "high_24h": 0.699271,
    "low_24h": 0.685328,
    "price_change_24h": -0.005384806121191077,
    "price_change_percentage_24h": -0.7701,
    "market_cap_change_24h": -5028906.339399099,
    "market_cap_change_percentage_24h": -0.76223,
    "circulating_supply": 943630536.8749,
    "total_supply": null,
    "max_supply": null,
    "ath": 9.12,
    "ath_change_percentage": -92.3882,
    "ath_date": "2021-10-04T00:41:18.025Z",
    "atl": 0.350476,
    "atl_change_percentage": 97.98686,
    "atl_date": "2018-12-07T00:00:00.000Z",
    "roi": {
      "times": 0.47627895401412107,
      "currency": "usd",
      "percentage": 47.627895401412104
    },
    "last_updated": "2023-09-09T07:26:00.549Z"
  },
  {
    "id": "blockstack",
    "symbol": "stx",
    "name": "Stacks",
    "image": "https://assets.coingecko.com/coins/images/2069/large/Stacks_logo_full.png?1604112510",
    "current_price": 0.465175,
    "market_cap": 653085085,
    "market_cap_rank": 56,
    "fully_diluted_valuation": 844910503,
    "total_volume": 7387597,
    "high_24h": 0.469818,
    "low_24h": 0.456225,
    "price_change_24h": -0.0032049272390271,
    "price_change_percentage_24h": -0.68426,
    "market_cap_change_24h": -4293757.260606885,
    "market_cap_change_percentage_24h": -0.65316,
    "circulating_supply": 1405247868.44362,
    "total_supply": 1818000000,
    "max_supply": 1818000000,
    "ath": 3.39,
    "ath_change_percentage": -86.28917,
    "ath_date": "2021-12-01T01:32:34.725Z",
    "atl": 0.04559639,
    "atl_change_percentage": 919.26321,
    "atl_date": "2020-03-13T02:29:26.415Z",
    "roi": {
      "times": 2.87645659524809,
      "currency": "usd",
      "percentage": 287.645659524809
    },
    "last_updated": "2023-09-09T07:25:58.286Z"
  },
  {
    "id": "eos",
    "symbol": "eos",
    "name": "EOS",
    "image": "https://assets.coingecko.com/coins/images/738/large/eos-eos-logo.png?1547034481",
    "current_price": 0.579974,
    "market_cap": 648791099,
    "market_cap_rank": 57,
    "fully_diluted_valuation": null,
    "total_volume": 48572058,
    "high_24h": 0.585134,
    "low_24h": 0.573594,
    "price_change_24h": -0.003070252919907257,
    "price_change_percentage_24h": -0.52659,
    "market_cap_change_24h": -3973755.8458014727,
    "market_cap_change_percentage_24h": -0.60876,
    "circulating_supply": 1119706899.9255,
    "total_supply": null,
    "max_supply": null,
    "ath": 22.71,
    "ath_change_percentage": -97.4489,
    "ath_date": "2018-04-29T07:50:33.540Z",
    "atl": 0.5024,
    "atl_change_percentage": 15.32412,
    "atl_date": "2017-10-23T00:00:00.000Z",
    "roi": {
      "times": -0.41416738577108436,
      "currency": "usd",
      "percentage": -41.41673857710843
    },
    "last_updated": "2023-09-09T07:25:59.746Z"
  },
  {
    "id": "elrond-erd-2",
    "symbol": "egld",
    "name": "MultiversX",
    "image": "https://assets.coingecko.com/coins/images/12335/large/egld-token-logo.png?1673490885",
    "current_price": 24.58,
    "market_cap": 637513130,
    "market_cap_rank": 58,
    "fully_diluted_valuation": 772217999,
    "total_volume": 8134462,
    "high_24h": 24.79,
    "low_24h": 24.36,
    "price_change_24h": -0.18837802593128217,
    "price_change_percentage_24h": -0.76062,
    "market_cap_change_24h": -4442881.502894998,
    "market_cap_change_percentage_24h": -0.69209,
    "circulating_supply": 25935766,
    "total_supply": 25940918,
    "max_supply": 31415926,
    "ath": 545.64,
    "ath_change_percentage": -95.49566,
    "ath_date": "2021-11-23T10:33:26.737Z",
    "atl": 6.51,
    "atl_change_percentage": 277.72771,
    "atl_date": "2020-10-07T01:44:53.554Z",
    "roi": null,
    "last_updated": "2023-09-09T07:26:02.087Z"
  },
  {
    "id": "theta-token",
    "symbol": "theta",
    "name": "Theta Network",
    "image": "https://assets.coingecko.com/coins/images/2538/large/theta-token-logo.png?1548387191",
    "current_price": 0.635855,
    "market_cap": 635834468,
    "market_cap_rank": 59,
    "fully_diluted_valuation": 635834468,
    "total_volume": 5113923,
    "high_24h": 0.63757,
    "low_24h": 0.625494,
    "price_change_24h": 0.00012558,
    "price_change_percentage_24h": 0.01975,
    "market_cap_change_24h": 412117,
    "market_cap_change_percentage_24h": 0.06486,
    "circulating_supply": 1000000000,
    "total_supply": 1000000000,
    "max_supply": 1000000000,
    "ath": 15.72,
    "ath_change_percentage": -95.95448,
    "ath_date": "2021-04-16T13:15:11.190Z",
    "atl": 0.04039979,
    "atl_change_percentage": 1474.12676,
    "atl_date": "2020-03-13T02:24:16.483Z",
    "roi": {
      "times": 3.2390351880247215,
      "currency": "usd",
      "percentage": 323.90351880247215
    },
    "last_updated": "2023-09-09T07:25:56.205Z"
  },
  {
    "id": "immutable-x",
    "symbol": "imx",
    "name": "ImmutableX",
    "image": "https://assets.coingecko.com/coins/images/17233/large/immutableX-symbol-BLK-RGB.png?1665110648",
    "current_price": 0.540213,
    "market_cap": 629253850,
    "market_cap_rank": 60,
    "fully_diluted_valuation": 1080362814,
    "total_volume": 9102017,
    "high_24h": 0.553637,
    "low_24h": 0.539404,
    "price_change_24h": -0.012425512262990605,
    "price_change_percentage_24h": -2.2484,
    "market_cap_change_24h": -14357897.072556853,
    "market_cap_change_percentage_24h": -2.23083,
    "circulating_supply": 1164893573.490024,
    "total_supply": 2000000000,
    "max_supply": 2000000000,
    "ath": 9.52,
    "ath_change_percentage": -94.3264,
    "ath_date": "2021-11-26T01:03:01.536Z",
    "atl": 0.378055,
    "atl_change_percentage": 42.86902,
    "atl_date": "2022-12-31T07:36:37.649Z",
    "roi": null,
    "last_updated": "2023-09-09T07:25:52.803Z"
  },
  {
    "id": "the-sandbox",
    "symbol": "sand",
    "name": "The Sandbox",
    "image": "https://assets.coingecko.com/coins/images/12129/large/sandbox_logo.jpg?1597397942",
    "current_price": 0.304492,
    "market_cap": 628365452,
    "market_cap_rank": 61,
    "fully_diluted_valuation": 912909686,
    "total_volume": 30240199,
    "high_24h": 0.309686,
    "low_24h": 0.301101,
    "price_change_24h": -0.004600873253376215,
    "price_change_percentage_24h": -1.48851,
    "market_cap_change_24h": -9480647.146699667,
    "market_cap_change_percentage_24h": -1.48635,
    "circulating_supply": 2064931926.2233226,
    "total_supply": 3000000000,
    "max_supply": 3000000000,
    "ath": 8.4,
    "ath_change_percentage": -96.37538,
    "ath_date": "2021-11-25T06:04:40.957Z",
    "atl": 0.02897764,
    "atl_change_percentage": 950.29918,
    "atl_date": "2020-11-04T15:59:14.441Z",
    "roi": null,
    "last_updated": "2023-09-09T07:25:56.064Z"
  },
  {
    "id": "bitget-token",
    "symbol": "bgb",
    "name": "Bitget Token",
    "image": "https://assets.coingecko.com/coins/images/11610/large/icon_colour.png?1690515455",
    "current_price": 0.439002,
    "market_cap": 614549052,
    "market_cap_rank": 62,
    "fully_diluted_valuation": 877926590,
    "total_volume": 17370725,
    "high_24h": 0.4407,
    "low_24h": 0.435841,
    "price_change_24h": -0.001257849521991206,
    "price_change_percentage_24h": -0.28571,
    "market_cap_change_24h": -1773703.914962411,
    "market_cap_change_percentage_24h": -0.28779,
    "circulating_supply": 1400001000,
    "total_supply": 2000000000,
    "max_supply": 2000000000,
    "ath": 0.515471,
    "ath_change_percentage": -14.85429,
    "ath_date": "2023-02-16T08:52:49.445Z",
    "atl": 0.0142795,
    "atl_change_percentage": 2973.64802,
    "atl_date": "2020-06-25T04:17:05.895Z",
    "roi": null,
    "last_updated": "2023-09-09T07:25:48.158Z"
  },
  {
    "id": "axie-infinity",
    "symbol": "axs",
    "name": "Axie Infinity",
    "image": "https://assets.coingecko.com/coins/images/13029/large/axie_infinity_logo.png?1604471082",
    "current_price": 4.55,
    "market_cap": 596392080,
    "market_cap_rank": 63,
    "fully_diluted_valuation": 1228906624,
    "total_volume": 21621733,
    "high_24h": 4.61,
    "low_24h": 4.49,
    "price_change_24h": -0.060351010644513536,
    "price_change_percentage_24h": -1.30822,
    "market_cap_change_24h": -8012424.484201789,
    "market_cap_change_percentage_24h": -1.32567,
    "circulating_supply": 131031811.92450939,
    "total_supply": 270000000,
    "max_supply": 270000000,
    "ath": 164.9,
    "ath_change_percentage": -97.23851,
    "ath_date": "2021-11-06T19:29:29.482Z",
    "atl": 0.123718,
    "atl_change_percentage": 3580.6505,
    "atl_date": "2020-11-06T08:05:43.662Z",
    "roi": null,
    "last_updated": "2023-09-09T07:26:02.264Z"
  },
  {
    "id": "bitcoin-cash-sv",
    "symbol": "bsv",
    "name": "Bitcoin SV",
    "image": "https://assets.coingecko.com/coins/images/6799/large/BSV.png?1558947902",
    "current_price": 30.7,
    "market_cap": 591406657,
    "market_cap_rank": 64,
    "fully_diluted_valuation": 644632533,
    "total_volume": 7228411,
    "high_24h": 30.91,
    "low_24h": 30.17,
    "price_change_24h": 0.00205494,
    "price_change_percentage_24h": 0.0067,
    "market_cap_change_24h": -649131.798864603,
    "market_cap_change_percentage_24h": -0.10964,
    "circulating_supply": 19266076.644239,
    "total_supply": 21000000,
    "max_supply": 21000000,
    "ath": 489.75,
    "ath_change_percentage": -93.7344,
    "ath_date": "2021-04-16T17:09:04.630Z",
    "atl": 21.43,
    "atl_change_percentage": 43.15869,
    "atl_date": "2023-06-10T04:32:12.266Z",
    "roi": null,
    "last_updated": "2023-09-09T07:25:59.222Z"
  },
  {
    "id": "injective-protocol",
    "symbol": "inj",
    "name": "Injective",
    "image": "https://assets.coingecko.com/coins/images/12882/large/Secondary_Symbol.png?1628233237",
    "current_price": 6.71,
    "market_cap": 561284622,
    "market_cap_rank": 65,
    "fully_diluted_valuation": 670146139,
    "total_volume": 13551538,
    "high_24h": 6.93,
    "low_24h": 6.65,
    "price_change_24h": -0.22763637898178768,
    "price_change_percentage_24h": -3.28315,
    "market_cap_change_24h": -18690524.128890395,
    "market_cap_change_percentage_24h": -3.22264,
    "circulating_supply": 83755555.66,
    "total_supply": 100000000,
    "max_supply": 100000000,
    "ath": 24.89,
    "ath_change_percentage": -73.07131,
    "ath_date": "2021-04-30T00:33:02.969Z",
    "atl": 0.657401,
    "atl_change_percentage": 919.54785,
    "atl_date": "2020-11-03T16:19:30.576Z",
    "roi": null,
    "last_updated": "2023-09-09T07:26:01.066Z"
  },
  {
    "id": "fantom",
    "symbol": "ftm",
    "name": "Fantom",
    "image": "https://assets.coingecko.com/coins/images/4001/large/Fantom_round.png?1669652346",
    "current_price": 0.200262,
    "market_cap": 561167158,
    "market_cap_rank": 66,
    "fully_diluted_valuation": 635498498,
    "total_volume": 34109181,
    "high_24h": 0.204713,
    "low_24h": 0.199632,
    "price_change_24h": -0.004450996329012025,
    "price_change_percentage_24h": -2.17426,
    "market_cap_change_24h": -11601623.39415896,
    "market_cap_change_percentage_24h": -2.02553,
    "circulating_supply": 2803634835.52659,
    "total_supply": 3175000000,
    "max_supply": 3175000000,
    "ath": 3.46,
    "ath_change_percentage": -94.21347,
    "ath_date": "2021-10-28T05:19:39.845Z",
    "atl": 0.00190227,
    "atl_change_percentage": 10420.65567,
    "atl_date": "2020-03-13T02:25:38.280Z",
    "roi": {
      "times": 5.67541099650516,
      "currency": "usd",
      "percentage": 567.541099650516
    },
    "last_updated": "2023-09-09T07:26:02.012Z"
  },
  {
    "id": "render-token",
    "symbol": "rndr",
    "name": "Render",
    "image": "https://assets.coingecko.com/coins/images/11636/large/rndr.png?1638840934",
    "current_price": 1.47,
    "market_cap": 545299515,
    "market_cap_rank": 67,
    "fully_diluted_valuation": 778598269,
    "total_volume": 14802052,
    "high_24h": 1.49,
    "low_24h": 1.43,
    "price_change_24h": -0.015720831630536836,
    "price_change_percentage_24h": -1.06031,
    "market_cap_change_24h": -5229162.4846788645,
    "market_cap_change_percentage_24h": -0.94984,
    "circulating_supply": 371908453.108796,
    "total_supply": 531024271.388796,
    "max_supply": 531024271.388796,
    "ath": 8.78,
    "ath_change_percentage": -83.29979,
    "ath_date": "2021-11-21T10:03:19.097Z",
    "atl": 0.03665669,
    "atl_change_percentage": 3901.40115,
    "atl_date": "2020-06-16T13:22:25.900Z",
    "roi": null,
    "last_updated": "2023-09-09T07:25:58.175Z"
  },
  {
    "id": "decentraland",
    "symbol": "mana",
    "name": "Decentraland",
    "image": "https://assets.coingecko.com/coins/images/878/large/decentraland-mana.png?1550108745",
    "current_price": 0.294488,
    "market_cap": 542860650,
    "market_cap_rank": 68,
    "fully_diluted_valuation": 645989340,
    "total_volume": 23868128,
    "high_24h": 0.29838,
    "low_24h": 0.290951,
    "price_change_24h": -0.003507063033863445,
    "price_change_percentage_24h": -1.17688,
    "market_cap_change_24h": -6356519.42590034,
    "market_cap_change_percentage_24h": -1.15738,
    "circulating_supply": 1843050156.80632,
    "total_supply": 2193179327.32015,
    "max_supply": 2193179327.32015,
    "ath": 5.85,
    "ath_change_percentage": -94.96576,
    "ath_date": "2021-11-25T10:04:18.534Z",
    "atl": 0.00923681,
    "atl_change_percentage": 3088.81125,
    "atl_date": "2017-10-31T00:00:00.000Z",
    "roi": {
      "times": 13.724420814129905,
      "currency": "usd",
      "percentage": 1372.4420814129905
    },
    "last_updated": "2023-09-09T07:25:57.517Z"
  },
  {
    "id": "gatechain-token",
    "symbol": "gt",
    "name": "Gate",
    "image": "https://assets.coingecko.com/coins/images/8183/large/gate.png?1687143308",
    "current_price": 3.88,
    "market_cap": 533190066,
    "market_cap_rank": 69,
    "fully_diluted_valuation": 1164445259,
    "total_volume": 355084,
    "high_24h": 3.9,
    "low_24h": 3.85,
    "price_change_24h": -0.019190725661644148,
    "price_change_percentage_24h": -0.49205,
    "market_cap_change_24h": -2771539.6957224607,
    "market_cap_change_percentage_24h": -0.51712,
    "circulating_supply": 137367573.56752193,
    "total_supply": 300000000,
    "max_supply": null,
    "ath": 12.94,
    "ath_change_percentage": -70.01125,
    "ath_date": "2021-05-12T11:39:16.531Z",
    "atl": 0.25754,
    "atl_change_percentage": 1406.98889,
    "atl_date": "2020-03-13T02:18:02.481Z",
    "roi": null,
    "last_updated": "2023-09-09T07:25:46.177Z"
  },
  {
    "id": "neo",
    "symbol": "neo",
    "name": "NEO",
    "image": "https://assets.coingecko.com/coins/images/480/large/NEO_512_512.png?1594357361",
    "current_price": 7.39,
    "market_cap": 520811462,
    "market_cap_rank": 70,
    "fully_diluted_valuation": 738425438,
    "total_volume": 20519543,
    "high_24h": 7.45,
    "low_24h": 7.24,
    "price_change_24h": -0.00970922100310112,
    "price_change_percentage_24h": -0.13121,
    "market_cap_change_24h": -596814.5369939804,
    "market_cap_change_percentage_24h": -0.11446,
    "circulating_supply": 70530000,
    "total_supply": 100000000,
    "max_supply": null,
    "ath": 198.38,
    "ath_change_percentage": -96.27737,
    "ath_date": "2018-01-15T00:00:00.000Z",
    "atl": 0.078349,
    "atl_change_percentage": 9325.72359,
    "atl_date": "2016-10-21T00:00:00.000Z",
    "roi": {
      "times": 204.28409597327,
      "currency": "usd",
      "percentage": 20428.409597327
    },
    "last_updated": "2023-09-09T07:25:54.260Z"
  },
  {
    "id": "kava",
    "symbol": "kava",
    "name": "Kava",
    "image": "https://assets.coingecko.com/coins/images/9761/large/kava.png?1663638871",
    "current_price": 0.670433,
    "market_cap": 504497104,
    "market_cap_rank": 71,
    "fully_diluted_valuation": 504252465,
    "total_volume": 4425337,
    "high_24h": 0.672692,
    "low_24h": 0.655696,
    "price_change_24h": 0.00263751,
    "price_change_percentage_24h": 0.39496,
    "market_cap_change_24h": 2976940,
    "market_cap_change_percentage_24h": 0.59358,
    "circulating_supply": 752864249,
    "total_supply": 752499172,
    "max_supply": null,
    "ath": 9.12,
    "ath_change_percentage": -92.65301,
    "ath_date": "2021-08-30T11:10:02.948Z",
    "atl": 0.287137,
    "atl_change_percentage": 133.36016,
    "atl_date": "2020-03-13T02:24:16.835Z",
    "roi": null,
    "last_updated": "2023-09-09T07:25:58.626Z"
  },
  {
    "id": "rollbit-coin",
    "symbol": "rlb",
    "name": "Rollbit Coin",
    "image": "https://assets.coingecko.com/coins/images/24552/large/unziL6wO_400x400.jpg?1648134494",
    "current_price": 0.151888,
    "market_cap": 500945512,
    "market_cap_rank": 72,
    "fully_diluted_valuation": 759710135,
    "total_volume": 3786171,
    "high_24h": 0.161103,
    "low_24h": 0.151005,
    "price_change_24h": -0.008776690213268464,
    "price_change_percentage_24h": -5.46273,
    "market_cap_change_24h": -28415264.301052034,
    "market_cap_change_percentage_24h": -5.36784,
    "circulating_supply": 3296951621.59,
    "total_supply": 3296951622,
    "max_supply": 5000000000,
    "ath": 0.213089,
    "ath_change_percentage": -28.7209,
    "ath_date": "2023-08-12T14:31:00.633Z",
    "atl": 0.00093506,
    "atl_change_percentage": 16143.69652,
    "atl_date": "2022-07-02T02:46:34.730Z",
    "roi": null,
    "last_updated": "2023-09-09T07:25:39.958Z"
  },
  {
    "id": "iota",
    "symbol": "miota",
    "name": "IOTA",
    "image": "https://assets.coingecko.com/coins/images/692/large/IOTA_Swirl.png?1604238557",
    "current_price": 0.179954,
    "market_cap": 500543865,
    "market_cap_rank": 73,
    "fully_diluted_valuation": 500543864,
    "total_volume": 6865973,
    "high_24h": 0.181381,
    "low_24h": 0.173842,
    "price_change_24h": 0.00097609,
    "price_change_percentage_24h": 0.54537,
    "market_cap_change_24h": 2729799,
    "market_cap_change_percentage_24h": 0.54836,
    "circulating_supply": 2779530283.277761,
    "total_supply": 2779530283,
    "max_supply": null,
    "ath": 5.25,
    "ath_change_percentage": -96.56909,
    "ath_date": "2017-12-19T00:00:00.000Z",
    "atl": 0.081637,
    "atl_change_percentage": 120.58648,
    "atl_date": "2020-03-13T02:22:41.168Z",
    "roi": {
      "times": 4.191294601226027,
      "currency": "btc",
      "percentage": 419.12946012260267
    },
    "last_updated": "2023-09-09T07:25:54.818Z"
  },
  {
    "id": "paxos-standard",
    "symbol": "usdp",
    "name": "Pax Dollar",
    "image": "https://assets.coingecko.com/coins/images/6013/large/Pax_Dollar.png?1629877204",
    "current_price": 0.999912,
    "market_cap": 500354430,
    "market_cap_rank": 74,
    "fully_diluted_valuation": 500354430,
    "total_volume": 567481,
    "high_24h": 1.001,
    "low_24h": 0.996296,
    "price_change_24h": 0.0001591,
    "price_change_percentage_24h": 0.01591,
    "market_cap_change_24h": 1003900,
    "market_cap_change_percentage_24h": 0.20104,
    "circulating_supply": 500381602.240683,
    "total_supply": 500381602.240683,
    "max_supply": null,
    "ath": 1.13,
    "ath_change_percentage": -11.32676,
    "ath_date": "2018-10-15T07:09:12.459Z",
    "atl": 0.863529,
    "atl_change_percentage": 15.79759,
    "atl_date": "2021-05-19T13:14:42.046Z",
    "roi": {
      "times": -0.0000879169932905,
      "currency": "usd",
      "percentage": -0.00879169932905
    },
    "last_updated": "2023-09-09T07:25:54.639Z"
  },
  {
    "id": "apecoin",
    "symbol": "ape",
    "name": "ApeCoin",
    "image": "https://assets.coingecko.com/coins/images/24383/large/apecoin.jpg?1647476455",
    "current_price": 1.33,
    "market_cap": 489537163,
    "market_cap_rank": 75,
    "fully_diluted_valuation": 1328121171,
    "total_volume": 22466450,
    "high_24h": 1.35,
    "low_24h": 1.31,
    "price_change_24h": -0.014188234401439683,
    "price_change_percentage_24h": -1.0564,
    "market_cap_change_24h": -4818052.283424914,
    "market_cap_change_percentage_24h": -0.97461,
    "circulating_supply": 368593750,
    "total_supply": 1000000000,
    "max_supply": 1000000000,
    "ath": 26.7,
    "ath_change_percentage": -95.0223,
    "ath_date": "2022-04-28T21:44:21.164Z",
    "atl": 1.3,
    "atl_change_percentage": 2.46896,
    "atl_date": "2023-09-06T16:26:20.427Z",
    "roi": null,
    "last_updated": "2023-09-09T07:25:53.702Z"
  },
  {
    "id": "thorchain",
    "symbol": "rune",
    "name": "THORChain",
    "image": "https://assets.coingecko.com/coins/images/6595/large/Rune200x200.png?1671179394",
    "current_price": 1.57,
    "market_cap": 473338908,
    "market_cap_rank": 76,
    "fully_diluted_valuation": 787060234,
    "total_volume": 24849543,
    "high_24h": 1.6,
    "low_24h": 1.56,
    "price_change_24h": -0.026732451693536996,
    "price_change_percentage_24h": -1.66975,
    "market_cap_change_24h": -7771319.334982276,
    "market_cap_change_percentage_24h": -1.61529,
    "circulating_supply": 300700561,
    "total_supply": 500000000,
    "max_supply": 500000000,
    "ath": 20.87,
    "ath_change_percentage": -92.45662,
    "ath_date": "2021-05-19T00:30:09.436Z",
    "atl": 0.00851264,
    "atl_change_percentage": 18391.56791,
    "atl_date": "2019-09-28T00:00:00.000Z",
    "roi": {
      "times": 40.42773550846279,
      "currency": "usd",
      "percentage": 4042.773550846279
    },
    "last_updated": "2023-09-09T07:25:57.420Z"
  },
  {
    "id": "pax-gold",
    "symbol": "paxg",
    "name": "PAX Gold",
    "image": "https://assets.coingecko.com/coins/images/9519/large/paxgold.png?1687143101",
    "current_price": 1897.05,
    "market_cap": 472510971,
    "market_cap_rank": 77,
    "fully_diluted_valuation": 472510971,
    "total_volume": 6130907,
    "high_24h": 1909.45,
    "low_24h": 1896.61,
    "price_change_24h": -9.310838787200282,
    "price_change_percentage_24h": -0.48841,
    "market_cap_change_24h": -2281008.662236631,
    "market_cap_change_percentage_24h": -0.48042,
    "circulating_supply": 249134.667,
    "total_supply": 249134.667,
    "max_supply": null,
    "ath": 2241.37,
    "ath_change_percentage": -15.3791,
    "ath_date": "2021-05-17T19:02:29.657Z",
    "atl": 1399.64,
    "atl_change_percentage": 35.5109,
    "atl_date": "2019-11-18T03:09:35.959Z",
    "roi": null,
    "last_updated": "2023-09-09T07:25:55.619Z"
  },
  {
    "id": "tether-gold",
    "symbol": "xaut",
    "name": "Tether Gold",
    "image": "https://assets.coingecko.com/coins/images/10481/large/Tether_Gold.png?1668148656",
    "current_price": 1916.36,
    "market_cap": 472361591,
    "market_cap_rank": 78,
    "fully_diluted_valuation": 472361591,
    "total_volume": 2171214,
    "high_24h": 1929.4,
    "low_24h": 1913.6,
    "price_change_24h": -0.6748675611358976,
    "price_change_percentage_24h": -0.0352,
    "market_cap_change_24h": -2432761.422764778,
    "market_cap_change_percentage_24h": -0.51238,
    "circulating_supply": 246524.33,
    "total_supply": 246524.33,
    "max_supply": null,
    "ath": 2169.74,
    "ath_change_percentage": -11.68981,
    "ath_date": "2023-03-15T20:36:21.941Z",
    "atl": 1447.84,
    "atl_change_percentage": 32.342,
    "atl_date": "2020-03-19T13:45:41.821Z",
    "roi": null,
    "last_updated": "2023-09-09T07:26:00.809Z"
  },
  {
    "id": "compound-ether",
    "symbol": "ceth",
    "name": "cETH",
    "image": "https://assets.coingecko.com/coins/images/10643/large/ceth.png?1687143191",
    "current_price": 32.84,
    "market_cap": 470661049,
    "market_cap_rank": 79,
    "fully_diluted_valuation": 470661049,
    "total_volume": 1035.09,
    "high_24h": 33.07,
    "low_24h": 32.66,
    "price_change_24h": -0.21734230027196588,
    "price_change_percentage_24h": -0.65745,
    "market_cap_change_24h": -3033926.924309492,
    "market_cap_change_percentage_24h": -0.64048,
    "circulating_supply": 14331387.3504604,
    "total_supply": 14331387.3504604,
    "max_supply": null,
    "ath": 97.75,
    "ath_change_percentage": -66.40298,
    "ath_date": "2021-11-21T12:39:57.508Z",
    "atl": 1.89,
    "atl_change_percentage": 1641.05298,
    "atl_date": "2020-03-13T02:22:33.711Z",
    "roi": null,
    "last_updated": "2023-09-09T07:25:20.365Z"
  },
  {
    "id": "rocket-pool",
    "symbol": "rpl",
    "name": "Rocket Pool",
    "image": "https://assets.coingecko.com/coins/images/2090/large/rocket_pool_%28RPL%29.png?1637662441",
    "current_price": 23.18,
    "market_cap": 456539013,
    "market_cap_rank": 80,
    "fully_diluted_valuation": 456539013,
    "total_volume": 2576547,
    "high_24h": 23.61,
    "low_24h": 23.14,
    "price_change_24h": -0.3771183445807438,
    "price_change_percentage_24h": -1.601,
    "market_cap_change_24h": -7229175.356844246,
    "market_cap_change_percentage_24h": -1.55879,
    "circulating_supply": 19694369.8469077,
    "total_supply": 19694369.8469077,
    "max_supply": null,
    "ath": 61.9,
    "ath_change_percentage": -62.54475,
    "ath_date": "2023-04-16T19:20:19.534Z",
    "atl": 0.00884718,
    "atl_change_percentage": 261949.8854,
    "atl_date": "2018-08-28T00:00:00.000Z",
    "roi": null,
    "last_updated": "2023-09-09T07:25:54.579Z"
  },
  {
    "id": "ecash",
    "symbol": "xec",
    "name": "eCash",
    "image": "https://assets.coingecko.com/coins/images/16646/large/Logo_final-22.png?1628239446",
    "current_price": 0.00002321,
    "market_cap": 453775551,
    "market_cap_rank": 81,
    "fully_diluted_valuation": 488850306,
    "total_volume": 2171554,
    "high_24h": 0.00002356,
    "low_24h": 0.00002302,
    "price_change_24h": -2.1268885688e-7,
    "price_change_percentage_24h": -0.90788,
    "market_cap_change_24h": -4705487.925972998,
    "market_cap_change_percentage_24h": -1.02632,
    "circulating_supply": 19493260923093,
    "total_supply": 21000000000000,
    "max_supply": 21000000000000,
    "ath": 0.00038001,
    "ath_change_percentage": -93.87289,
    "ath_date": "2021-09-04T17:09:31.137Z",
    "atl": 0.00001847,
    "atl_change_percentage": 26.06354,
    "atl_date": "2021-07-20T20:49:46.212Z",
    "roi": null,
    "last_updated": "2023-09-09T07:26:00.619Z"
  },
  {
    "id": "flow",
    "symbol": "flow",
    "name": "Flow",
    "image": "https://assets.coingecko.com/coins/images/13446/large/5f6294c0c7a8cda55cb1c936_Flow_Wordmark.png?1631696776",
    "current_price": 0.433147,
    "market_cap": 448757563,
    "market_cap_rank": 82,
    "fully_diluted_valuation": 630594179,
    "total_volume": 15398670,
    "high_24h": 0.43853,
    "low_24h": 0.429532,
    "price_change_24h": -0.005334577304803467,
    "price_change_percentage_24h": -1.2166,
    "market_cap_change_24h": -5506922.696357548,
    "market_cap_change_percentage_24h": -1.21227,
    "circulating_supply": 1036200000,
    "total_supply": 1456068361.18633,
    "max_supply": 1456068361.18633,
    "ath": 42.4,
    "ath_change_percentage": -98.97866,
    "ath_date": "2021-04-05T13:49:10.098Z",
    "atl": 0.421915,
    "atl_change_percentage": 2.63197,
    "atl_date": "2023-09-03T16:55:43.965Z",
    "roi": null,
    "last_updated": "2023-09-09T07:25:53.441Z"
  },
  {
    "id": "klay-token",
    "symbol": "klay",
    "name": "Klaytn",
    "image": "https://assets.coingecko.com/coins/images/9672/large/klaytn.png?1660288824",
    "current_price": 0.132891,
    "market_cap": 423575360,
    "market_cap_rank": 83,
    "fully_diluted_valuation": null,
    "total_volume": 8669892,
    "high_24h": 0.135041,
    "low_24h": 0.131041,
    "price_change_24h": -0.000918823246047584,
    "price_change_percentage_24h": -0.68666,
    "market_cap_change_24h": -2849392.6414198875,
    "market_cap_change_percentage_24h": -0.66821,
    "circulating_supply": 3188272973.0609,
    "total_supply": null,
    "max_supply": null,
    "ath": 4.34,
    "ath_change_percentage": -96.93772,
    "ath_date": "2021-03-30T03:44:28.828Z",
    "atl": 0.06044,
    "atl_change_percentage": 119.83868,
    "atl_date": "2020-04-29T08:19:34.574Z",
    "roi": null,
    "last_updated": "2023-09-09T07:26:00.618Z"
  },
  {
    "id": "frax-ether",
    "symbol": "frxeth",
    "name": "Frax Ether",
    "image": "https://assets.coingecko.com/coins/images/28284/large/frxETH_icon.png?1679886981",
    "current_price": 1633.47,
    "market_cap": 422434680,
    "market_cap_rank": 84,
    "fully_diluted_valuation": 422434680,
    "total_volume": 1048531,
    "high_24h": 1645.28,
    "low_24h": 1615.79,
    "price_change_24h": -11.44758149450422,
    "price_change_percentage_24h": -0.69594,
    "market_cap_change_24h": -2339783.7437428236,
    "market_cap_change_percentage_24h": -0.55083,
    "circulating_supply": 258550.813556328,
    "total_supply": 258550.813556328,
    "max_supply": null,
    "ath": 2134.61,
    "ath_change_percentage": -23.45092,
    "ath_date": "2023-04-16T19:24:52.171Z",
    "atl": 1137.25,
    "atl_change_percentage": 43.68247,
    "atl_date": "2022-11-23T02:25:33.267Z",
    "roi": null,
    "last_updated": "2023-09-09T07:25:29.735Z"
  },
  {
    "id": "gala",
    "symbol": "gala",
    "name": "GALA",
    "image": "https://assets.coingecko.com/coins/images/12493/large/GALA-COINGECKO.png?1600233435",
    "current_price": 0.01599422,
    "market_cap": 414989802,
    "market_cap_rank": 85,
    "fully_diluted_valuation": 796710268,
    "total_volume": 363926988,
    "high_24h": 0.01619833,
    "low_24h": 0.01567465,
    "price_change_24h": -0.000074740969833901,
    "price_change_percentage_24h": -0.46513,
    "market_cap_change_24h": -668815.0439088345,
    "market_cap_change_percentage_24h": -0.1609,
    "circulating_supply": 26043959672.7677,
    "total_supply": 26043661442.467,
    "max_supply": 50000000000,
    "ath": 0.824837,
    "ath_change_percentage": -98.0634,
    "ath_date": "2021-11-26T01:03:48.731Z",
    "atl": 0.00013475,
    "atl_change_percentage": 11754.44934,
    "atl_date": "2020-12-28T08:46:48.367Z",
    "roi": null,
    "last_updated": "2023-09-09T07:26:00.771Z"
  },
  {
    "id": "chiliz",
    "symbol": "chz",
    "name": "Chiliz",
    "image": "https://assets.coingecko.com/coins/images/8834/large/CHZ_Token_updated.png?1675848257",
    "current_price": 0.059067,
    "market_cap": 412053416,
    "market_cap_rank": 86,
    "fully_diluted_valuation": 525069137,
    "total_volume": 21899179,
    "high_24h": 0.05964,
    "low_24h": 0.058573,
    "price_change_24h": -0.000515921184826219,
    "price_change_percentage_24h": -0.86589,
    "market_cap_change_24h": -3542128.9310690165,
    "market_cap_change_percentage_24h": -0.8523,
    "circulating_supply": 6975647158.46,
    "total_supply": 8888888888,
    "max_supply": 8888888888,
    "ath": 0.878633,
    "ath_change_percentage": -93.27806,
    "ath_date": "2021-03-13T08:04:21.200Z",
    "atl": 0.00410887,
    "atl_change_percentage": 1337.4062,
    "atl_date": "2019-09-28T00:00:00.000Z",
    "roi": {
      "times": 1.6848677126003286,
      "currency": "usd",
      "percentage": 168.48677126003287
    },
    "last_updated": "2023-09-09T07:25:58.444Z"
  },
  {
    "id": "tokenize-xchange",
    "symbol": "tkx",
    "name": "Tokenize Xchange",
    "image": "https://assets.coingecko.com/coins/images/4984/large/TKX_-_Logo_-_RGB-15.png?1672912391",
    "current_price": 5.13,
    "market_cap": 410318467,
    "market_cap_rank": 87,
    "fully_diluted_valuation": 512923730,
    "total_volume": 6751646,
    "high_24h": 5.18,
    "low_24h": 5.07,
    "price_change_24h": -0.04713093166924586,
    "price_change_percentage_24h": -0.91106,
    "market_cap_change_24h": -3757727.606590152,
    "market_cap_change_percentage_24h": -0.9075,
    "circulating_supply": 79995999.94518414,
    "total_supply": 100000000,
    "max_supply": 100000000,
    "ath": 22.3,
    "ath_change_percentage": -76.99505,
    "ath_date": "2022-10-31T10:23:59.455Z",
    "atl": 0.111255,
    "atl_change_percentage": 4510.35631,
    "atl_date": "2019-04-28T00:00:00.000Z",
    "roi": {
      "times": 16.645687379605764,
      "currency": "usd",
      "percentage": 1664.5687379605765
    },
    "last_updated": "2023-09-09T07:26:02.136Z"
  },
  {
    "id": "frax-share",
    "symbol": "fxs",
    "name": "Frax Share",
    "image": "https://assets.coingecko.com/coins/images/13423/large/Frax_Shares_icon.png?1679886947",
    "current_price": 5.47,
    "market_cap": 401971319,
    "market_cap_rank": 88,
    "fully_diluted_valuation": 544856391,
    "total_volume": 12149125,
    "high_24h": 5.52,
    "low_24h": 5.4,
    "price_change_24h": -0.05217877534660342,
    "price_change_percentage_24h": -0.94546,
    "market_cap_change_24h": -3238709.6306825876,
    "market_cap_change_percentage_24h": -0.79927,
    "circulating_supply": 73540666.7678406,
    "total_supply": 99681495.5911336,
    "max_supply": 99681495.5911336,
    "ath": 42.8,
    "ath_change_percentage": -87.22511,
    "ath_date": "2022-01-12T15:22:27.465Z",
    "atl": 1.5,
    "atl_change_percentage": 263.74208,
    "atl_date": "2021-06-25T16:50:51.447Z",
    "roi": null,
    "last_updated": "2023-09-09T07:25:55.779Z"
  },
  {
    "id": "kucoin-shares",
    "symbol": "kcs",
    "name": "KuCoin",
    "image": "https://assets.coingecko.com/coins/images/1047/large/sa9z79.png?1610678720",
    "current_price": 4.13,
    "market_cap": 397339966,
    "market_cap_rank": 89,
    "fully_diluted_valuation": 592450746,
    "total_volume": 471051,
    "high_24h": 4.14,
    "low_24h": 3.98,
    "price_change_24h": 0.121114,
    "price_change_percentage_24h": 3.0225,
    "market_cap_change_24h": 9296691,
    "market_cap_change_percentage_24h": 2.39579,
    "circulating_supply": 96732986.425851,
    "total_supply": 144232986.425767,
    "max_supply": null,
    "ath": 28.83,
    "ath_change_percentage": -85.7503,
    "ath_date": "2021-12-01T15:09:35.541Z",
    "atl": 0.342863,
    "atl_change_percentage": 1098.19608,
    "atl_date": "2019-02-07T00:00:00.000Z",
    "roi": null,
    "last_updated": "2023-09-09T07:25:58.900Z"
  },
  {
    "id": "first-digital-usd",
    "symbol": "fdusd",
    "name": "First Digital USD",
    "image": "https://assets.coingecko.com/coins/images/31079/large/firstfigital.jpeg?1690347713",
    "current_price": 0.998991,
    "market_cap": 393656134,
    "market_cap_rank": 90,
    "fully_diluted_valuation": 393656134,
    "total_volume": 144482935,
    "high_24h": 1.002,
    "low_24h": 0.997362,
    "price_change_24h": -0.00193530006863174,
    "price_change_percentage_24h": -0.19335,
    "market_cap_change_24h": -428179.343773365,
    "market_cap_change_percentage_24h": -0.10865,
    "circulating_supply": 393963116.72,
    "total_supply": 393963116.72,
    "max_supply": null,
    "ath": 1.026,
    "ath_change_percentage": -2.50806,
    "ath_date": "2023-08-17T23:15:16.752Z",
    "atl": 0.942129,
    "atl_change_percentage": 6.12543,
    "atl_date": "2023-08-17T21:55:41.478Z",
    "roi": null,
    "last_updated": "2023-09-09T07:25:47.159Z"
  },
  {
    "id": "huobi-token",
    "symbol": "ht",
    "name": "Huobi",
    "image": "https://assets.coingecko.com/coins/images/2822/large/huobi-token-logo.png?1547036992",
    "current_price": 2.45,
    "market_cap": 389748721,
    "market_cap_rank": 91,
    "fully_diluted_valuation": 491568338,
    "total_volume": 7592922,
    "high_24h": 2.45,
    "low_24h": 2.39,
    "price_change_24h": 0.03592372,
    "price_change_percentage_24h": 1.4904,
    "market_cap_change_24h": 5376817,
    "market_cap_change_percentage_24h": 1.39886,
    "circulating_supply": 159406077,
    "total_supply": 201050000,
    "max_supply": 201050000,
    "ath": 39.66,
    "ath_change_percentage": -93.83445,
    "ath_date": "2021-05-12T14:42:21.586Z",
    "atl": 0.3138,
    "atl_change_percentage": 679.25542,
    "atl_date": "2023-03-10T05:05:00+08:00",
    "roi": {
      "times": 1.4709710661659878,
      "currency": "usd",
      "percentage": 147.09710661659878
    },
    "last_updated": "2023-09-09T07:25:54.019Z"
  },
  {
    "id": "casper-network",
    "symbol": "cspr",
    "name": "Casper Network",
    "image": "https://assets.coingecko.com/coins/images/15279/large/casper.PNG?1620341020",
    "current_price": 0.03403813,
    "market_cap": 384844964,
    "market_cap_rank": 92,
    "fully_diluted_valuation": 408368328,
    "total_volume": 2297723,
    "high_24h": 0.03455922,
    "low_24h": 0.03386882,
    "price_change_24h": -0.000501134359268345,
    "price_change_percentage_24h": -1.45091,
    "market_cap_change_24h": -5618665.6713991165,
    "market_cap_change_percentage_24h": -1.43897,
    "circulating_supply": 11306108000,
    "total_supply": 11997185486,
    "max_supply": null,
    "ath": 1.33,
    "ath_change_percentage": -97.43178,
    "ath_date": "2021-05-12T00:00:00.000Z",
    "atl": 0.02241297,
    "atl_change_percentage": 51.87817,
    "atl_date": "2022-06-18T20:14:44.694Z",
    "roi": null,
    "last_updated": "2023-09-09T07:25:53.440Z"
  },
  {
    "id": "sui",
    "symbol": "sui",
    "name": "Sui",
    "image": "https://assets.coingecko.com/coins/images/26375/large/sui_asset.jpeg?1683114182",
    "current_price": 0.483444,
    "market_cap": 382499435,
    "market_cap_rank": 93,
    "fully_diluted_valuation": 4830895026,
    "total_volume": 36766750,
    "high_24h": 0.48645,
    "low_24h": 0.475803,
    "price_change_24h": -0.002846987675631352,
    "price_change_percentage_24h": -0.58545,
    "market_cap_change_24h": -1530908.345253706,
    "market_cap_change_percentage_24h": -0.39864,
    "circulating_supply": 791777575.076923,
    "total_supply": 10000000000,
    "max_supply": 10000000000,
    "ath": 2.16,
    "ath_change_percentage": -77.73637,
    "ath_date": "2023-05-03T12:00:26.430Z",
    "atl": 0.462847,
    "atl_change_percentage": 4.02022,
    "atl_date": "2023-08-17T22:50:06.690Z",
    "roi": null,
    "last_updated": "2023-09-09T07:25:56.133Z"
  },
  {
    "id": "bittorrent",
    "symbol": "btt",
    "name": "BitTorrent",
    "image": "https://assets.coingecko.com/coins/images/22457/large/btt_logo.png?1643857231",
    "current_price": 4.01228e-7,
    "market_cap": 382224893,
    "market_cap_rank": 94,
    "fully_diluted_valuation": 397723363,
    "total_volume": 18471071,
    "high_24h": 4.03752e-7,
    "low_24h": 4.00834e-7,
    "price_change_24h": -2.140495356e-9,
    "price_change_percentage_24h": -0.53066,
    "market_cap_change_24h": -1303132.6959276795,
    "market_cap_change_percentage_24h": -0.33978,
    "circulating_supply": 951421714286000,
    "total_supply": 990000000000000,
    "max_supply": 990000000000000,
    "ath": 0.00000343,
    "ath_change_percentage": -88.30383,
    "ath_date": "2022-01-21T04:00:31.909Z",
    "atl": 4.00616e-7,
    "atl_change_percentage": 0.17949,
    "atl_date": "2023-09-01T20:25:53.333Z",
    "roi": null,
    "last_updated": "2023-09-09T07:25:53.289Z"
  },
  {
    "id": "curve-dao-token",
    "symbol": "crv",
    "name": "Curve DAO",
    "image": "https://assets.coingecko.com/coins/images/12124/large/Curve.png?1597369484",
    "current_price": 0.439522,
    "market_cap": 380944330,
    "market_cap_rank": 95,
    "fully_diluted_valuation": 1450908870,
    "total_volume": 17324529,
    "high_24h": 0.445623,
    "low_24h": 0.434929,
    "price_change_24h": -0.006101618819253307,
    "price_change_percentage_24h": -1.36923,
    "market_cap_change_24h": -4976419.654350281,
    "market_cap_change_percentage_24h": -1.28949,
    "circulating_supply": 867229287,
    "total_supply": 2007733932.61406,
    "max_supply": 3303030299,
    "ath": 15.37,
    "ath_change_percentage": -97.14104,
    "ath_date": "2020-08-14T00:00:00.000Z",
    "atl": 0.331577,
    "atl_change_percentage": 32.54305,
    "atl_date": "2020-11-05T13:09:50.181Z",
    "roi": null,
    "last_updated": "2023-09-09T07:25:56.871Z"
  },
  {
    "id": "mina-protocol",
    "symbol": "mina",
    "name": "Mina Protocol",
    "image": "https://assets.coingecko.com/coins/images/15628/large/JM4_vQ34_400x400.png?1621394004",
    "current_price": 0.379049,
    "market_cap": 365472095,
    "market_cap_rank": 96,
    "fully_diluted_valuation": 406031197,
    "total_volume": 4451141,
    "high_24h": 0.38451,
    "low_24h": 0.373843,
    "price_change_24h": -0.004261213803791742,
    "price_change_percentage_24h": -1.11169,
    "market_cap_change_24h": -4354382.823010802,
    "market_cap_change_percentage_24h": -1.17741,
    "circulating_supply": 964802380.840039,
    "total_supply": 1071873532.84004,
    "max_supply": null,
    "ath": 9.09,
    "ath_change_percentage": -95.82297,
    "ath_date": "2021-06-01T01:42:37.064Z",
    "atl": 0.364959,
    "atl_change_percentage": 4.04099,
    "atl_date": "2023-09-05T03:16:23.289Z",
    "roi": null,
    "last_updated": "2023-09-09T07:25:58.962Z"
  },
  {
    "id": "terra-luna",
    "symbol": "lunc",
    "name": "Terra Luna Classic",
    "image": "https://assets.coingecko.com/coins/images/8284/large/01_LunaClassic_color.png?1653547790",
    "current_price": 0.00006112,
    "market_cap": 355269189,
    "market_cap_rank": 97,
    "fully_diluted_valuation": 418024473,
    "total_volume": 18401834,
    "high_24h": 0.00006158,
    "low_24h": 0.00006036,
    "price_change_24h": 3.31969e-7,
    "price_change_percentage_24h": 0.54609,
    "market_cap_change_24h": 2921303,
    "market_cap_change_percentage_24h": 0.8291,
    "circulating_supply": 5810362124113.41,
    "total_supply": 6836713241833.96,
    "max_supply": null,
    "ath": 119.18,
    "ath_change_percentage": -99.99995,
    "ath_date": "2022-04-05T12:24:58.854Z",
    "atl": 9.99967e-7,
    "atl_change_percentage": 6014.58486,
    "atl_date": "2022-05-13T02:34:40.340Z",
    "roi": null,
    "last_updated": "2023-09-09T07:25:53.030Z"
  },
  {
    "id": "dydx",
    "symbol": "dydx",
    "name": "dYdX",
    "image": "https://assets.coingecko.com/coins/images/17500/large/hjnIm9bV.jpg?1628009360",
    "current_price": 1.94,
    "market_cap": 340188879,
    "market_cap_rank": 98,
    "fully_diluted_valuation": 1943618052,
    "total_volume": 47844113,
    "high_24h": 2.03,
    "low_24h": 1.94,
    "price_change_24h": -0.07749749618585722,
    "price_change_percentage_24h": -3.83256,
    "market_cap_change_24h": -11975429.564467788,
    "market_cap_change_percentage_24h": -3.40052,
    "circulating_supply": 175028668.26539865,
    "total_supply": 1000000000,
    "max_supply": 1000000000,
    "ath": 27.86,
    "ath_change_percentage": -93.0214,
    "ath_date": "2021-09-30T01:23:43.570Z",
    "atl": 1.011,
    "atl_change_percentage": 92.38699,
    "atl_date": "2022-06-18T20:55:50.603Z",
    "roi": null,
    "last_updated": "2023-09-09T07:25:56.405Z"
  },
  {
    "id": "coinbase-wrapped-staked-eth",
    "symbol": "cbeth",
    "name": "Coinbase Wrapped Staked ETH",
    "image": "https://assets.coingecko.com/coins/images/27008/large/cbeth.png?1661390066",
    "current_price": 1713.91,
    "market_cap": 339588567,
    "market_cap_rank": 99,
    "fully_diluted_valuation": 2156832655,
    "total_volume": 777360,
    "high_24h": 1727.35,
    "low_24h": 1696.45,
    "price_change_24h": -13.437032977569288,
    "price_change_percentage_24h": -0.7779,
    "market_cap_change_24h": -1447027.268554747,
    "market_cap_change_percentage_24h": -0.4243,
    "circulating_supply": 198073.605100727,
    "total_supply": 1258027.09728156,
    "max_supply": null,
    "ath": 2191.04,
    "ath_change_percentage": -21.79511,
    "ath_date": "2023-04-16T19:25:37.525Z",
    "atl": 1036.96,
    "atl_change_percentage": 65.2432,
    "atl_date": "2022-11-09T23:45:43.665Z",
    "roi": null,
    "last_updated": "2023-09-09T07:25:31.148Z"
  },
  {
    "id": "nexo",
    "symbol": "nexo",
    "name": "NEXO",
    "image": "https://assets.coingecko.com/coins/images/3695/large/nexo.png?1548086057",
    "current_price": 0.592161,
    "market_cap": 333558399,
    "market_cap_rank": 100,
    "fully_diluted_valuation": 595639988,
    "total_volume": 2074936,
    "high_24h": 0.6055,
    "low_24h": 0.575955,
    "price_change_24h": -0.013338312782359089,
    "price_change_percentage_24h": -2.20286,
    "market_cap_change_24h": 6164844,
    "market_cap_change_percentage_24h": 1.88301,
    "circulating_supply": 560000010.0064,
    "total_supply": 1000000000,
    "max_supply": 1000000000,
    "ath": 4.07,
    "ath_change_percentage": -85.35602,
    "ath_date": "2021-05-12T14:37:47.535Z",
    "atl": 0.04515276,
    "atl_change_percentage": 1219.32705,
    "atl_date": "2018-09-13T00:00:00.000Z",
    "roi": {
      "times": 4.921614939655687,
      "currency": "usd",
      "percentage": 492.1614939655687
    },
    "last_updated": "2023-09-09T07:25:55.561Z"
  }
]